index,index2,Accession,family,Plot,Plant,Plant Height,Lateral tillers,Compact,FALL Rhizomes,Rhiz_num,Genotype?,Regrowth
A1D185-T34-2-5,A1D185.T34.2.5,A1D185-T34,A1D185,2,5,5.06,2,3,BT,0.5,Y,NO
A1D185-T34-2-6,A1D185.T34.2.6,A1D185-T34,A1D185,2,6,Late flowering,Late flowering,5,NR,0,Y,NO
A1D185-T34-2-11,A1D185.T34.2.11,A1D185-T34,A1D185,2,11,5.06,4,3,++R,2,Y,NO
A1D185-T34-2-12,A1D185.T34.2.12,A1D185-T34,A1D185,2,12,7.05,6,4,++R,2,Y,NO
A1D185-T34-2-16,A1D185.T34.2.16,A1D185-T34,A1D185,2,16,7.04,1,3,+R,1,Y,NO
A1D185-T34-2-21,A1D185.T34.2.21,A1D185-T34,A1D185,2,21,6.04,1,NA,NR,0,Y,Yes
A1D185-T34-2-24,A1D185.T34.2.24,A1D185-T34,A1D185,2,24,4.07,2,4,+R,1,Y,Yes
A1D185-T34-2-25,A1D185.T34.2.25,A1D185-T34,A1D185,2,25,7.04,0,5,++R,2,Y,NO
A1D185-T34-2-26,A1D185.T34.2.26,A1D185-T34,A1D185,2,26,5.04,1,4,++R,2,Y,NO
A1D80-S2-3-10,A1D80.S2.3.10,A1D80-S2,A1D80,3,10,3,1,NA,NR,0,Y,NO
A1D80-S2-3-24,A1D80.S2.3.24,A1D80-S2,A1D80,3,24,5.07,3,3,BT,0.5,Y,NO
A1D80-S2-3-30,A1D80.S2.3.30,A1D80-S2,A1D80,3,30,4.08,0,NA,+R,1,Y,NO
A1D80-S2-3-35,A1D80.S2.3.35,A1D80-S2,A1D80,3,35,3.05,2,3 GRASSY,NR,0,Y,NO
A1D80-S2-3-37,A1D80.S2.3.37,A1D80-S2,A1D80,3,37,4,3,3,++R,2,Y,Yes
A1D80-S2-3-38,A1D80.S2.3.38,A1D80-S2,A1D80,3,38,4,1,NA,+R,1,Y,Yes
A1D80-S2-3-39,A1D80.S2.3.39,A1D80-S2,A1D80,3,39,4.07,2,4,NR,0,Y,Yes
A1D80-S2-3-41,A1D80.S2.3.41,A1D80-S2,A1D80,3,41,6.03,2,3,+R,1,Y,NO
A1D156-T4-4-6,A1D156.T4.4.6,A1D156-T4,A1D156,4,6,4,2,,BT,0.5,Y,NO
A1D156-T4-4-7,A1D156.T4.4.7,A1D156-T4,A1D156,4,7,4.05,3,,+R,1,Y,NO
A1D156-T4-4-15,A1D156.T4.4.15,A1D156-T4,A1D156,4,15,4.08,1,,BT,0.5,Y,NO
A1D185-T9-5-5,A1D185.T9.5.5,A1D185-T9,A1D185,5,5,4,1,,+R,1,Y,NO
A1D185-T9-5-6,A1D185.T9.5.6,A1D185-T9,A1D185,5,6,6.11,1,,+R,1,Y,Yes
A1D185-T9-5-8,A1D185.T9.5.8,A1D185-T9,A1D185,5,8,6.03,2,,NR,0,Y,Yes
A1D185-T9-5-12,A1D185.T9.5.12,A1D185-T9,A1D185,5,12,Late flowering,Late flowering,,BT,0.5,Y,NO
A1D185-T9-5-17,A1D185.T9.5.17,A1D185-T9,A1D185,5,17,Late flowering,Late flowering,,BT,0.5,Y,NO
A1D185-T9-5-23,A1D185.T9.5.23,A1D185-T9,A1D185,5,23,6.06,3,,NR,0,Y,NO
A1D185-T9-5-24,A1D185.T9.5.24,A1D185-T9,A1D185,5,24,Late flowering,Late flowering,,+++R,3,Y,NO
A1D183-S1-6-3,A1D183.S1.6.3,A1D183-S1,A1D183,6,3,8.01,0,,BT,0.5,Y,NO
A1D183-S1-6-9,A1D183.S1.6.9,A1D183-S1,A1D183,6,9,Late flowering,Late flowering,,BT,0.5,Y,NO
A1D183-S1-6-14,A1D183.S1.6.14,A1D183-S1,A1D183,6,14,5.09,0,,+R,1,Y,NO
A1D183-S1-6-29,A1D183.S1.6.29,A1D183-S1,A1D183,6,29,8.09,0,,+R,1,Y,NO
A1D183-S1-6-33,A1D183.S1.6.33,A1D183-S1,A1D183,6,33,3,0,,NR,0,Y,NO
A1D183-S1-6-35,A1D183.S1.6.35,A1D183-S1,A1D183,6,35,7.07,0,,++R,2,Y,NO
A1D183-S1-6-36,A1D183.S1.6.36,A1D183-S1,A1D183,6,36,Late flowering,Late flowering,,++R,2,Y,NO
A1D183-S1-6-42,A1D183.S1.6.42,A1D183-S1,A1D183,6,42,7.01,0,,++R,2,Y,NO
A1D183-S1-6-48,A1D183.S1.6.48,A1D183-S1,A1D183,6,48,4.05,0,,NR,0,Y,NO
A1D162-S2-8-1,A1D162.S2.8.1,A1D162-S2,A1D162,8,1,4.1,2,,+R,1,Y,NO
A1D162-S2-8-2,A1D162.S2.8.2,A1D162-S2,A1D162,8,2,4,2,,+R,1,Y,NO
A1D162-S2-8-3,A1D162.S2.8.3,A1D162-S2,A1D162,8,3,4.07,2,,NR,0,Y,NO
A1D162-S2-8-4,A1D162.S2.8.4,A1D162-S2,A1D162,8,4,4,2,,+R,1,Y,NO
A1D162-S2-8-5,A1D162.S2.8.5,A1D162-S2,A1D162,8,5,2,1,,+R,1,Y,NO
A1D162-S2-8-6,A1D162.S2.8.6,A1D162-S2,A1D162,8,6,5.07,2,,BT,0.5,Y,NO
A1D162-S2-8-7,A1D162.S2.8.7,A1D162-S2,A1D162,8,7,3,1,,NR,0,Y,NO
A1D162-S2-8-8,A1D162.S2.8.8,A1D162-S2,A1D162,8,8,6.01,3,,NR,0,Y,NO
A1D162-S2-8-9,A1D162.S2.8.9,A1D162-S2,A1D162,8,9,5,3,,NR,0,Y,NO
A1D162-S2-8-10,A1D162.S2.8.10,A1D162-S2,A1D162,8,10,5.02,2,,+R,1,Y,NO
A1D162-S2-8-12,A1D162.S2.8.12,A1D162-S2,A1D162,8,12,4,2,,NR,0,Y,NO
A1D162-S2-8-14,A1D162.S2.8.14,A1D162-S2,A1D162,8,14,4,1,,NR,0,Y,NO
A1D162-S2-8-15,A1D162.S2.8.15,A1D162-S2,A1D162,8,15,4.05,1,,BT,0.5,Y,NO
A1D162-S2-8-16,A1D162.S2.8.16,A1D162-S2,A1D162,8,16,4,2,,+R,1,Y,NO
A1D162-S2-8-17,A1D162.S2.8.17,A1D162-S2,A1D162,8,17,6.07,2,,+R,1,Y,NO
A1D162-S2-8-18,A1D162.S2.8.18,A1D162-S2,A1D162,8,18,4.11,1,,BT,0.5,Y,NO
A1D162-S2-8-19,A1D162.S2.8.19,A1D162-S2,A1D162,8,19,5.07,2,,NR,0,Y,NO
A1D162-S2-8-20,A1D162.S2.8.20,A1D162-S2,A1D162,8,20,5.11,3,,++R,2,Y,NO
A1D162-S2-8-22,A1D162.S2.8.22,A1D162-S2,A1D162,8,22,6.03,4,,+R,1,Y,NO
A1D162-S2-8-23,A1D162.S2.8.23,A1D162-S2,A1D162,8,23,5.07,4,,+R,1,Y,NO
A1D162-S2-8-24,A1D162.S2.8.24,A1D162-S2,A1D162,8,24,4.07,1,,++R,2,Y,NO
A1D162-S2-8-25,A1D162.S2.8.25,A1D162-S2,A1D162,8,25,3,2,,NR,0,Y,NO
A1D162-S2-8-26,A1D162.S2.8.26,A1D162-S2,A1D162,8,26,4.08,1,,BT,0.5,Y,NO
A1D162-S2-8-27,A1D162.S2.8.27,A1D162-S2,A1D162,8,27,4.05,1,,++R,2,Y,NO
A1D162-S2-8-28,A1D162.S2.8.28,A1D162-S2,A1D162,8,28,5.01,1,,+R,1,Y,NO
A1D119-T7-9-7,A1D119.T7.9.7,A1D119-T7,A1D119,9,7,3,0,,BT,0.5,Y,NO
A1D119-T7-9-8,A1D119.T7.9.8,A1D119-T7,A1D119,9,8,3,0,,BT,0.5,Y,NO
A1D119-T7-9-14,A1D119.T7.9.14,A1D119-T7,A1D119,9,14,4.05,3,,+R,1,Y,NO
A1D119-T7-9-17,A1D119.T7.9.17,A1D119-T7,A1D119,9,17,4,0,,NR,0,Y,NO
A1D119-T7-9-20,A1D119.T7.9.20,A1D119-T7,A1D119,9,20,3.05,0,,NR,0,Y,NO
A1D80-T2-11-1,A1D80.T2.11.1,A1D80-T2,A1D80,11,1,3.05,0,,+R,1,Y,NO
A1D80-T2-11-3,A1D80.T2.11.3,A1D80-T2,A1D80,11,3,3,0,,+R,1,Y,NO
A1D80-T2-11-5,A1D80.T2.11.5,A1D80-T2,A1D80,11,5,4,2,,NR,0,Y,NO
A1D80-T2-11-8,A1D80.T2.11.8,A1D80-T2,A1D80,11,8,4.04,0,,+R,1,Y,NO
A1D80-T2-11-11,A1D80.T2.11.11,A1D80-T2,A1D80,11,11,4,2,,+R,1,Y,NO
A1D80-T2-11-15,A1D80.T2.11.15,A1D80-T2,A1D80,11,15,3.05,1,,+R,1,Y,NO
A1D80-T2-11-16,A1D80.T2.11.16,A1D80-T2,A1D80,11,16,4.08,1,,NR,0,Y,NO
A1D80-T2-11-18,A1D80.T2.11.18,A1D80-T2,A1D80,11,18,3.05,1,,++R,2,Y,NO
A1D80-T2-11-25,A1D80.T2.11.25,A1D80-T2,A1D80,11,25,4.03,3,,NR,0,Y,NO
A1D80-T2-11-29,A1D80.T2.11.29,A1D80-T2,A1D80,11,29,4.02,1,,NR,0,Y,NO
A1D80-T2-11-30,A1D80.T2.11.30,A1D80-T2,A1D80,11,30,3,1,,BT,0.5,Y,NO
A1D80-T2-11-31,A1D80.T2.11.31,A1D80-T2,A1D80,11,31,4,2,,NR,0,Y,NO
A1D80-T2-11-32,A1D80.T2.11.32,A1D80-T2,A1D80,11,32,3.05,2,,BT,0.5,Y,NO
A1D80-T2-11-35,A1D80.T2.11.35,A1D80-T2,A1D80,11,35,3,2,,+R,1,Y,NO
A1D80-T2-11-36,A1D80.T2.11.36,A1D80-T2,A1D80,11,36,3.05,2,,+R,1,Y,NO
A1D80-T2-11-38,A1D80.T2.11.38,A1D80-T2,A1D80,11,38,7.02,5,,+R,1,Y,NO
A1D80-T2-11-39,A1D80.T2.11.39,A1D80-T2,A1D80,11,39,4.02,0,,++R,2,Y,NO
A1D160-T3-12-1,A1D160.T3.12.1,A1D160-T3,A1D160,12,1,2,1,,BT,0.5,Y,NO
A1D160-T3-12-5,A1D160.T3.12.5,A1D160-T3,A1D160,12,5,4,0,,BT,0.5,Y,NO
A1D160-T3-12-6,A1D160.T3.12.6,A1D160-T3,A1D160,12,6,3,0,,NR,0,Y,NO
A1D160-T3-12-11,A1D160.T3.12.11,A1D160-T3,A1D160,12,11,3.05,1,,BT,0.5,Y,NO
A1D160-T3-12-15,A1D160.T3.12.15,A1D160-T3,A1D160,12,15,5,2,,+++R,3,Y,Yes
A1D220-S3-13-5,A1D220.S3.13.5,A1D220-S3,A1D220,13,5,4,0,3,+R,1,Y,NO
A1D220-S3-13-11,A1D220.S3.13.11,A1D220-S3,A1D220,13,11,6.03,2,NA,+++R,3,Y,NO
A1D220-S3-13-12,A1D220.S3.13.12,A1D220-S3,A1D220,13,12,3.05,2,4,+++R,3,Y,NO
A1D1-AA6-R1-S5-14-2,A1D1.AA6.R1.S5.14.2,A1D1-AA6-R1-S5,A1D1-AA6,14,2,4.08,3,3,BT,0.5,Y,NO
A1D1-AA6-R1-S5-14-5,A1D1.AA6.R1.S5.14.5,A1D1-AA6-R1-S5,A1D1-AA6,14,5,5.11,0,NA,++R,2,Y,NO
A1D179-S6-15-2,A1D179.S6.15.2,A1D179-S6,A1D179,15,2,Late flowering,Late flowering,w5,+++R,3,Y,NO
A1D179-S6-15-7,A1D179.S6.15.7,A1D179-S6,A1D179,15,7,3,0,5,+++R,3,Y,NO
A1D185-T14-16-4,A1D185.T14.16.4,A1D185-T14,A1D185,16,4,Late flowering,Late flowering,5,+++R,3,Y,NO
A1D190-S7-17-6,A1D190.S7.17.6,A1D190-S7,A1D190,17,6,5.11,2,5,+++R,3,Y,NO
A1D190-S7-17-11,A1D190.S7.17.11,A1D190-S7,A1D190,17,11,4,1,4,++R,2,Y,NO
A1D190-S7-17-12,A1D190.S7.17.12,A1D190-S7,A1D190,17,12,5.02,1,3,++R,2,Y,NO
A1D190-S7-17-15,A1D190.S7.17.15,A1D190-S7,A1D190,17,15,Late flowering,Late flowering,w5,BT,0.5,Y,NO
A1D190-S7-17-17,A1D190.S7.17.17,A1D190-S7,A1D190,17,17,5.02,1,NA,BT,0.5,Y,NO
A1D190-S7-17-18,A1D190.S7.17.18,A1D190-S7,A1D190,17,18,2.06,0,5,+++R,3,Y,Yes
A1D190-S7-17-19,A1D190.S7.17.19,A1D190-S7,A1D190,17,19,5.05,3,3,+++R,3,Y,NO
A1D142-S4-18-4,A1D142.S4.18.4,A1D142-S4,A1D142,18,4,4.08,0,4,+R,1,Y,NO
A1D142-S4-18-11,A1D142.S4.18.11,A1D142-S4,A1D142,18,11,8.03,3,NA,+++R,3,Y,NO
A1D142-S4-18-25,A1D142.S4.18.25,A1D142-S4,A1D142,18,25,5.06,0,NA,++R,2,Y,NO
A1D185-S1-19-14,A1D185.S1.19.14,A1D185-S1,A1D185,19,14,2.06,0,5,++R,2,Y,NO
A1D185-S1-19-15,A1D185.S1.19.15,A1D185-S1,A1D185,19,15,7,2,5,++R,2,y,NO
A1D185-S1-19-26,A1D185.S1.19.26,A1D185-S1,A1D185,19,26,9,0,4,BT,0.5,Y,NO
A1D190-S13-20-1,A1D190.S13.20.1,A1D190-S13,A1D190,20,1,5.03,1,3,BT,0.5,Y,NO
A1D190-S13-20-9,A1D190.S13.20.9,A1D190-S13,A1D190,20,9,4,2,NA,BT,0.5,Y,NO
A1D119-T6-21-6,A1D119.T6.21.6,A1D119-T6,A1D119,21,6,5.1,0,5,++R,2,Y,NO
A1D119-T6-21-11,A1D119.T6.21.11,A1D119-T6,A1D119,21,11,6.04,0,5,++R,2,Y,NO
A1D119-T6-21-15,A1D119.T6.21.15,A1D119-T6,A1D119,21,15,8.03,0,4,+++R,3,Y,NO
A1D119-T6-21-17,A1D119.T6.21.17,A1D119-T6,A1D119,21,17,6.04,2,5,++R,2,Y,NO
A1D220-S2-22-21,A1D220.S2.22.21,A1D220-S2,A1D220,22,21,3,0,5,+++R,3,Y,NO
A1D1-D4-S2-23-1,A1D1.D4.S2.23.1,A1D1-D4-S2,A1D1-D4,23,1,3.06,3,4,BT,0.5,Y,NO
A1D1-D4-S2-23-2,A1D1.D4.S2.23.2,A1D1-D4-S2,A1D1-D4,23,2,4,0,w5,++R,2,Y,NO
A1D1-D4-S2-23-15,A1D1.D4.S2.23.15,A1D1-D4-S2,A1D1-D4,23,15,4.09,2,2,++R,2,Y,Yes
A1D132-S1-24-12,A1D132.S1.24.12,A1D132-S1,A1D132,24,12,5.03,0,w5,NR,0,Y,NO
A1D132-S1-24-15,A1D132.S1.24.15,A1D132-S1,A1D132,24,15,5.05,0,3,BT,0.5,Y,NO
A1D142-T10-27-5,A1D142.T10.27.5,A1D142-T10,A1D142,27,5,5.02,1,,NR,0,Y,NO
A1D142-T10-27-6,A1D142.T10.27.6,A1D142-T10,A1D142,27,6,3,1,3,BT,0.5,Y,NO
A1D142-T10-27-13,A1D142.T10.27.13,A1D142-T10,A1D142,27,13,5.01,2,5,++R,2,Y,NO
A1D142-T10-27-15,A1D142.T10.27.15,A1D142-T10,A1D142,27,15,4.09,2,5,BT,0.5,Y,NO
A1D220-S6-28-2,A1D220.S6.28.2,A1D220-S6,A1D220,28,2,2.06,1,,NR,0,Y,NO
A1D220-S6-28-17,A1D220.S6.28.17,A1D220-S6,A1D220,28,17,6.08,5,5,+++R,3,Y,NO
A1D220-S6-28-20,A1D220.S6.28.20,A1D220-S6,A1D220,28,20,4.11,2,4,++R,2,Y,NO
A1D220-S6-28-27,A1D220.S6.28.27,A1D220-S6,A1D220,28,27,3,3,,+++R,3,Y,NO
A1D179-S4-29-2,A1D179.S4.29.2,A1D179-S4,A1D179,29,2,6.03,4,5,++R,2,Y,NO
A1D179-S4-29-4,A1D179.S4.29.4,A1D179-S4,A1D179,29,4,7.05,0,5,++R,2,Y,NO
A1D179-S4-29-5,A1D179.S4.29.5,A1D179-S4,A1D179,29,5,9.02,0,5,+++R,3,Y,NO
A1D179-S4-29-6,A1D179.S4.29.6,A1D179-S4,A1D179,29,6,7.06,4,5,+++R,3,Y,NO
A1D179-S4-29-7,A1D179.S4.29.7,A1D179-S4,A1D179,29,7,6.07,0,5,++R,2,Y,NO
A1D179-S4-29-8,A1D179.S4.29.8,A1D179-S4,A1D179,29,8,6.11,0,5,BT,0.5,Y,NO
A1D179-S4-29-10,A1D179.S4.29.10,A1D179-S4,A1D179,29,10,9.06,0,,+++R,3,Y,NO
A1D179-S4-29-11,A1D179.S4.29.11,A1D179-S4,A1D179,29,11,Late flowering,Late flowering,,++R,2,Y,NO
A1D179-S4-29-15,A1D179.S4.29.15,A1D179-S4,A1D179,29,15,8,1,5,+++R,3,Y,NO
A1D281-T12-30-1,A1D281.T12.30.1,A1D281-T12,A1D281,30,1,4.08,3,,+++R,3,Y,NO
A1D281-T12-30-7,A1D281.T12.30.7,A1D281-T12,A1D281,30,7,4.11,1,3,NR,0,Y,NO
A1D281-T12-30-10,A1D281.T12.30.10,A1D281-T12,A1D281,30,10,6.1,2,5,++R,2,Y,NO
A1D281-T12-30-13,A1D281.T12.30.13,A1D281-T12,A1D281,30,13,5.01,3,5,BT,0.5,Y,NO
A1D281-T12-30-17,A1D281.T12.30.17,A1D281-T12,A1D281,30,17,7.06,6,5,+++R,3,Y,NO
A1D281-T12-30-22,A1D281.T12.30.22,A1D281-T12,A1D281,30,22,5.03,0,5,+R,1,Y,NO
A1D281-T12-30-23,A1D281.T12.30.23,A1D281-T12,A1D281,30,23,7.08,2,5,++R,2,Y,NO
A1D281-T12-30-26,A1D281.T12.30.26,A1D281-T12,A1D281,30,26,7.06,3,3,+++R,3,Y,NO
A1D190-S12-31-3,A1D190.S12.31.3,A1D190-S12,A1D190,31,3,5.03,2,4,+++R,3,Y,NO
A1D190-S12-31-5,A1D190.S12.31.5,A1D190-S12,A1D190,31,5,2.06,2,3,NR,0,Y,NO
A1D190-S12-31-6,A1D190.S12.31.6,A1D190-S12,A1D190,31,6,4.02,1,5,++R,2,Y,NO
A1D190-S12-31-12,A1D190.S12.31.12,A1D190-S12,A1D190,31,12,6,3,,++R,2,Y,NO
A1D190-S12-31-16,A1D190.S12.31.16,A1D190-S12,A1D190,31,16,6.07,6,,+++R,3,Y,NO
A1D189-T8-32-2,A1D189.T8.32.2,A1D189-T8,A1D189,32,2,Late flowering,Late flowering,5,BT,0.5,Y,NO
A1D189-T8-32-5,A1D189.T8.32.5,A1D189-T8,A1D189,32,5,Late flowering,Late flowering,5,BT,0.5,Y,NO
A1D189-T8-32-7,A1D189.T8.32.7,A1D189-T8,A1D189,32,7,9.02,0,5,+R,1,Y,NO
A1D189-T8-32-8,A1D189.T8.32.8,A1D189-T8,A1D189,32,8,6.02,0,5,+R,1,Y,NO
A1D189-T8-32-14,A1D189.T8.32.14,A1D189-T8,A1D189,32,14,Late flowering,Late flowering,5,BT,0.5,Y,NO
A1D190-S1-33-4,A1D190.S1.33.4,A1D190-S1,A1D190,33,4,4,0,3,++R,2,Y,NO
A1D190-S1-33-13,A1D190.S1.33.13,A1D190-S1,A1D190,33,13,3,2,3,+R,1,Y,NO
A1D190-S1-33-14,A1D190.S1.33.14,A1D190-S1,A1D190,33,14,3.06,1,3,NR,0,Y,NO
A1D190-S1-33-21,A1D190.S1.33.21,A1D190-S1,A1D190,33,21,3,2,3,+R,1,Y,Yes
A1D142-S2-34-1,A1D142.S2.34.1,A1D142-S2,A1D142,34,1,6,2,3,+R,1,Y,NO
A1D142-S2-34-4,A1D142.S2.34.4,A1D142-S2,A1D142,34,4,4.04,1,3,NR,0,Y,NO
A1D142-S2-34-7,A1D142.S2.34.7,A1D142-S2,A1D142,34,7,7.06,5,4,++R,2,Y,NO
A1D142-S2-34-10,A1D142.S2.34.10,A1D142-S2,A1D142,34,10,4,0,2,BT,0.5,Y,NO
A1D142-S2-34-13,A1D142.S2.34.13,A1D142-S2,A1D142,34,13,4,1,2,+R,1,Y,Yes
A1D142-S2-34-15,A1D142.S2.34.15,A1D142-S2,A1D142,34,15,5.04,1,4,+R,1,Y,NO
A1D142-S2-34-19,A1D142.S2.34.19,A1D142-S2,A1D142,34,19,4.07,1,5,+R,1,Y,NO
A1D142-S2-34-21,A1D142.S2.34.21,A1D142-S2,A1D142,34,21,5,0,4,++R,2,Y,NO
A1D142-S2-34-25,A1D142.S2.34.25,A1D142-S2,A1D142,34,25,6.08,5,3,+++R,3,Y,NO
A1D142-S2-34-26,A1D142.S2.34.26,A1D142-S2,A1D142,34,26,4.05,2,5,NR,0,Y,NO
A1D179-S1-35-3,A1D179.S1.35.3,A1D179-S1,A1D179,35,3,2,0,5,BT,0.5,Y,NO
A1D179-S1-35-16,A1D179.S1.35.16,A1D179-S1,A1D179,35,16,4,3,5,NR,0,Y,NO
A1D179-S1-35-20,A1D179.S1.35.20,A1D179-S1,A1D179,35,20,4,3,5,NR,0,Y,NO
A1D179-S1-35-23,A1D179.S1.35.23,A1D179-S1,A1D179,35,23,4.09,0,3,NR,0,Y,NO
A1D179-S1-35-28,A1D179.S1.35.28,A1D179-S1,A1D179,35,28,4.08,2,5,++R,2,Y,NO
A1D179-S1-35-29,A1D179.S1.35.29,A1D179-S1,A1D179,35,29,4.02,1,w5,+++R,3,Y,NO
A1D179-S1-35-31,A1D179.S1.35.31,A1D179-S1,A1D179,35,31,6.01,2,weak 5 ,++R,2,Y,Yes
A1D179-S1-35-34,A1D179.S1.35.34,A1D179-S1,A1D179,35,34,4,2,5,NR,0,Y,NO
A1D220-S1-36-4,A1D220.S1.36.4,A1D220-S1,A1D220,36,4,Late flowering,Late flowering,weak 5 ,NR,0,Y,NO
A1D220-S1-36-11,A1D220.S1.36.11,A1D220-S1,A1D220,36,11,4,0,weak 4,NR,0,Y,NO
A1D179-S7-37-4,A1D179.S7.37.4,A1D179-S7,A1D179,37,4,Late flowering,Late flowering,5,+R,1,Y,NO
A1D179-S7-37-6,A1D179.S7.37.6,A1D179-S7,A1D179,37,6,Late flowering,Late flowering,5,+R,1,Y,NO
A1D179-S7-37-7,A1D179.S7.37.7,A1D179-S7,A1D179,37,7,4.08,0,w5,+R,1,Y,NO
A1D179-S7-37-10,A1D179.S7.37.10,A1D179-S7,A1D179,37,10,Late flowering,Late flowering,,+R,1,Y,NO
A1D132-T45-38-1,A1D132.T45.38.1,A1D132-T45,A1D132,38,1,5.05,0,weak 5,+R,1,Y,NO
A1D132-T45-38-11,A1D132.T45.38.11,A1D132-T45,A1D132,38,11,Late flowering,Late flowering,5,+R,1,Y,NO
A1D132-T45-38-17,A1D132.T45.38.17,A1D132-T45,A1D132,38,17,5.11,2,5,NR,0,Y,NO
A1D132-T45-38-20,A1D132.T45.38.20,A1D132-T45,A1D132,38,20,Late flowering,Late flowering,5,NR,0,Y,NO
A1D132-T45-38-26,A1D132.T45.38.26,A1D132-T45,A1D132,38,26,4.05,1,5,+R,1,Y,NO
A1D132-T45-38-29,A1D132.T45.38.29,A1D132-T45,A1D132,38,29,6.09,0,w5,+R,1,Y,NO
A1D132-T45-38-31,A1D132.T45.38.31,A1D132-T45,A1D132,38,31,6.07,0,,++R,2,Y,NO
A1D132-T45-38-32,A1D132.T45.38.32,A1D132-T45,A1D132,38,32,6.07,0,5,++R,2,Y,NO
A1D132-T45-38-34,A1D132.T45.38.34,A1D132-T45,A1D132,38,34,8,0,5,+++R,3,Y,NO
A1D132-T45-38-36,A1D132.T45.38.36,A1D132-T45,A1D132,38,36,Late flowering,Late flowering,,++R,2,Y,NO
A1D132-T45-38-37,A1D132.T45.38.37,A1D132-T45,A1D132,38,37,7,0,,++R,2,Y,NO
A1D165-S1-39-7,A1D165.S1.39.7,A1D165-S1,A1D165,39,7,2.06,1,,+R,1,Y,NO
A1D165-S1-39-8,A1D165.S1.39.8,A1D165-S1,A1D165,39,8,4,0,,BT,0.5,Y,NO
A1D165-S1-39-11,A1D165.S1.39.11,A1D165-S1,A1D165,39,11,3.06,0,5,BT,0.5,Y,NO
A1D165-S1-39-14,A1D165.S1.39.14,A1D165-S1,A1D165,39,14,4.08,3,5,+R,1,Y,NO
A1D165-S1-39-16,A1D165.S1.39.16,A1D165-S1,A1D165,39,16,4,1,3,NR,0,Y,NO
A1D156-T5-40-2,A1D156.T5.40.2,A1D156-T5,A1D156,40,2,3,2,5,NR,0,Y,NO
A1D156-T5-40-12,A1D156.T5.40.12,A1D156-T5,A1D156,40,12,3,0,5,NR,0,Y,NO
A1D156-T5-40-15,A1D156.T5.40.15,A1D156-T5,A1D156,40,15,3.06,2,5,++R,2,Y,NO
A1D156-T5-40-19,A1D156.T5.40.19,A1D156-T5,A1D156,40,19,4.08,0,5,BT,0.5,Y,NO
A1D156-T5-40-21,A1D156.T5.40.21,A1D156-T5,A1D156,40,21,4.08,1,5,BT,0.5,Y,NO
A1D156-T5-40-23,A1D156.T5.40.23,A1D156-T5,A1D156,40,23,4.06,0,5,BT,0.5,Y,NO
A1D1-AA6-R1-S1-41-4,A1D1.AA6.R1.S1.41.4,A1D1-AA6-R1-S1,A1D1-AA6,41,4,3.06,1,3,NR,0,Y,NO
A1D1-AA6-R1-S1-41-21,A1D1.AA6.R1.S1.41.21,A1D1-AA6-R1-S1,A1D1-AA6,41,21,5.03,2,3,+R,1, Y,NO
A1D1-AA6-R1-S1-41-25,A1D1.AA6.R1.S1.41.25,A1D1-AA6-R1-S1,A1D1-AA6,41,25,5.08,0,3,+R,1,Y,NO
A1D1-AA6-R1-S1-41-28,A1D1.AA6.R1.S1.41.28,A1D1-AA6-R1-S1,A1D1-AA6,41,28,4,1,,NR,0,Y,NO
A1D1-AA6-R1-S1-41-32,A1D1.AA6.R1.S1.41.32,A1D1-AA6-R1-S1,A1D1-AA6,41,32,5.1,1,3,++R,2,Y,NO
A1D1-AA6-R1-S1-41-34,A1D1.AA6.R1.S1.41.34,A1D1-AA6-R1-S1,A1D1-AA6,41,34,3.06,1,5,NR,0,Y,NO
A1D220-T33-T9-42-15,A1D220.T33.T9.42.15,A1D220-T33-T9,A1D220,42,15,Late flowering,Late flowering,5,+R,1,Y,NO
A1D220-T33-T9-42-16,A1D220.T33.T9.42.16,A1D220-T33-T9,A1D220,42,16,Late flowering,Late flowering,,NR,0,Y,NO
A1D80-S1-44-2,A1D80.S1.44.2,A1D80-S1,A1D80,44,2,4.08,3,3,++R,2,Y,NO
A1D80-S1-44-6,A1D80.S1.44.6,A1D80-S1,A1D80,44,6,4,0,5,++R,2,Y,Yes
A1D80-S1-44-8,A1D80.S1.44.8,A1D80-S1,A1D80,44,8,4,0,5,NR,0,Y,NO
A1D80-S1-44-10,A1D80.S1.44.10,A1D80-S1,A1D80,44,10,4.05,1,4,+R,1,y,NO
A1D80-S1-44-12,A1D80.S1.44.12,A1D80-S1,A1D80,44,12,4.09,2,3,++R,2,Y,NO
A1D80-S1-44-13,A1D80.S1.44.13,A1D80-S1,A1D80,44,13,5.03,3,5,+++R,3,Y,NO
A1D80-S1-44-18,A1D80.S1.44.18,A1D80-S1,A1D80,44,18,6.06,2,3,++R,2,Y,NO
A1D190-S10-45-11,A1D190.S10.45.11,A1D190-S10,A1D190,45,11,4.08,1,3,BT,0.5,Y,NO
A1D190-S10-45-14,A1D190.S10.45.14,A1D190-S10,A1D190,45,14,6.09,2,,BT,0.5,Y,NO
A1D190-S10-45-18,A1D190.S10.45.18,A1D190-S10,A1D190,45,18,4,2,5,+R,1,Y,NO
A1D190-S10-45-27,A1D190.S10.45.27,A1D190-S10,A1D190,45,27,5.01,1,3,BT,0.5,Y,NO
A1D190-S10-45-32,A1D190.S10.45.32,A1D190-S10,A1D190,45,32,4.08,1,4,BT,0.5,Y,NO
A1D190-S10-45-35,A1D190.S10.45.35,A1D190-S10,A1D190,45,35,Late flowering,Late flowering,5,BT,0.5,Y,NO
A1D156-S1-46-4,A1D156.S1.46.4,A1D156-S1,A1D156,46,4,6.02,0,3,++R,2,Y,NO
A1D156-S1-46-6,A1D156.S1.46.6,A1D156-S1,A1D156,46,6,3,2,3,BT,0.5,Y,NO
A1D156-S1-46-8,A1D156.S1.46.8,A1D156-S1,A1D156,46,8,5,2,4,BT,0.5,Y,NO
A1D37-S2-47-1,A1D37.S2.47.1,A1D37-S2,A1D37,47,1,6.04,0,,+++R,3,Y,Yes
A1D37-S2-47-4,A1D37.S2.47.4,A1D37-S2,A1D37,47,4,6.01,0,4,++R,2,Y,NO
A1D37-S2-47-7,A1D37.S2.47.7,A1D37-S2,A1D37,47,7,3.06,1,4,NR,0,Y,NO
A1D37-S2-47-8,A1D37.S2.47.8,A1D37-S2,A1D37,47,8,5.05,0,4,NR,0,Y,NO
A1D37-S2-47-14,A1D37.S2.47.14,A1D37-S2,A1D37,47,14,4.08,5,4,++R,2,Y,NO
A1D220-S7-48-6,A1D220.S7.48.6,A1D220-S7,A1D220,48,6,3.06,3,,BT,0.5,Y,NO
A1D119-S1-49-2,A1D119.S1.49.2,A1D119-S1,A1D119,49,2,4,2,,++R,2,Y,NO
A1D119-S1-49-7,A1D119.S1.49.7,A1D119-S1,A1D119,49,7,6.04,3,,BT,0.5,Y,NO
A1D119-S1-49-20,A1D119.S1.49.20,A1D119-S1,A1D119,49,20,Late flowering,Late flowering,,+R,1,Y,Yes
A1D119-S1-49-28,A1D119.S1.49.28,A1D119-S1,A1D119,49,28,5.09,2,,++R,2,Y,NO
A1D119-S1-49-31,A1D119.S1.49.31,A1D119-S1,A1D119,49,31,5.1,1,,BT,0.5,Y,NO
A1D1-AA6-R1-S6-50-6,A1D1.AA6.R1.S6.50.6,A1D1-AA6-R1-S6,A1D1-AA6,50,6,4.11,3,,+R,1,Y,NO
A1D1-AA6-R1-S6-50-11,A1D1.AA6.R1.S6.50.11,A1D1-AA6-R1-S6,A1D1-AA6,50,11,5.05,3,,BT,0.5,Y,NO
A1D1-AA6-R1-S6-50-24,A1D1.AA6.R1.S6.50.24,A1D1-AA6-R1-S6,A1D1-AA6,50,24,4,2,,NR,0,Y,NO
A1D1-AA6-R1-S6-50-31,A1D1.AA6.R1.S6.50.31,A1D1-AA6-R1-S6,A1D1-AA6,50,31,6.04,2,,+R,1,Y,NO
A1D189-T10-51-3,A1D189.T10.51.3,A1D189-T10,A1D189,51,3,4,1,,+R,1,Y,NO
A1D132-S2-52-3,A1D132.S2.52.3,A1D132-S2,A1D132,52,3,4,0,,BT,0.5,Y,NO
A1D132-S2-52-5,A1D132.S2.52.5,A1D132-S2,A1D132,52,5,Late flowering,Late flowering,,BT,0.5,Y,NO
A1D132-S2-52-12,A1D132.S2.52.12,A1D132-S2,A1D132,52,12,4,1,,NR,0,Y,NO
A1D132-S2-52-16,A1D132.S2.52.16,A1D132-S2,A1D132,52,16,4.07,1,,NR,0,Y,NO
A1D132-S2-52-20,A1D132.S2.52.20,A1D132-S2,A1D132,52,20,4,1,,++R,2,Y,NO
A1D132-S2-52-22,A1D132.S2.52.22,A1D132-S2,A1D132,52,22,4,0,,++R,2,Y,NO
A1D1-AA6-R1-S3-53-3,A1D1.AA6.R1.S3.53.3,A1D1-AA6-R1-S3,A1D1-AA6,53,3,6.07,1,,+R,1,Y,NO
A1D1-AA6-R1-S3-53-4,A1D1.AA6.R1.S3.53.4,A1D1-AA6-R1-S3,A1D1-AA6,53,4,4.02,2,,++R,2,Y,NO
A1D1-AA6-R1-S3-53-16,A1D1.AA6.R1.S3.53.16,A1D1-AA6-R1-S3,A1D1-AA6,53,16,5.09,3,,+R,1,Y,NO
A1D1-AA6-R1-S3-53-23,A1D1.AA6.R1.S3.53.23,A1D1-AA6-R1-S3,A1D1-AA6,53,23,4,2,,BT,0.5,Y,NO
A1D1-AA6-R1-S3-53-36,A1D1.AA6.R1.S3.53.36,A1D1-AA6-R1-S3,A1D1-AA6,53,36,5.01,3,,BT,0.5,Y,NO
A1D1-AA6-R1-S3-53-39,A1D1.AA6.R1.S3.53.39,A1D1-AA6-R1-S3,A1D1-AA6,53,39,5.05,3,,+R,1,Y,NO
A1D1-D4-S1-54-3,A1D1.D4.S1.54.3,A1D1-D4-S1,A1D1-D4,54,3,2,0,,NR,0,Y,NO
A1D1-D4-S1-54-8,A1D1.D4.S1.54.8,A1D1-D4-S1,A1D1-D4,54,8,3,2,,NR,0,Y,NO
A1D1-D4-S1-54-10,A1D1.D4.S1.54.10,A1D1-D4-S1,A1D1-D4,54,10,5.08,4,,++R,2,Y,NO
A1D1-D4-S1-54-13,A1D1.D4.S1.54.13,A1D1-D4-S1,A1D1-D4,54,13,1.06,0,,NR,0,Y,NO
A1D1-D4-S1-54-16,A1D1.D4.S1.54.16,A1D1-D4-S1,A1D1-D4,54,16,7,5,,++R,2,Y,NO
A1D1-D4-S1-54-25,A1D1.D4.S1.54.25,A1D1-D4-S1,A1D1-D4,54,25,5.01,3,,++R,2,Y,NO
A1D1-D4-S1-54-27,A1D1.D4.S1.54.27,A1D1-D4-S1,A1D1-D4,54,27,3.06,1,,+R,1,Y,NO
A1D1-D4-S1-54-29,A1D1.D4.S1.54.29,A1D1-D4-S1,A1D1-D4,54,29,3.06,3,,++R,2,Y,NO
A1D220-T28-55-1,A1D220.T28.55.1,A1D220-T28,A1D220,55,1,4,2,,BT,0.5,Y,NO
A1D220-T28-55-3,A1D220.T28.55.3,A1D220-T28,A1D220,55,3,3.06,1,,BT,0.5,Y,NO
A1D220-T28-55-5,A1D220.T28.55.5,A1D220-T28,A1D220,55,5,3.06,1,,BT,0.5,Y,NO
A1D220-T28-55-8,A1D220.T28.55.8,A1D220-T28,A1D220,55,8,2,0,,BT,0.5,Y,NO
A1D220-T28-55-19,A1D220.T28.55.19,A1D220-T28,A1D220,55,19,3,0,,NR,0,Y,NO
A1D37-T10-56-2,A1D37.T10.56.2,A1D37-T10,A1D37,56,2,Late flowering,Late flowering,,+R,1,Y,NO
A1D37-T10-56-5,A1D37.T10.56.5,A1D37-T10,A1D37,56,5,Late flowering,Late flowering,,++R,2,Y,NO
A1D165-S4-57-22,A1D165.S4.57.22,A1D165-S4,A1D165,57,22,4.09,2,,++R,2,Y,NO
A1D160-S2-58-4,A1D160.S2.58.4,A1D160-S2,A1D160,58,4,5,1,,+++R,3,Y,NO
A1D160-S2-58-5,A1D160.S2.58.5,A1D160-S2,A1D160,58,5,5,1,,++R,2,Y,NO
A1D160-S2-58-10,A1D160.S2.58.10,A1D160-S2,A1D160,58,10,3.06,0,,NR,0,Y,NO
A1D160-S2-58-11,A1D160.S2.58.11,A1D160-S2,A1D160,58,11,6.02,4,,++R,2,Y,NO
A1D160-S2-58-16,A1D160.S2.58.16,A1D160-S2,A1D160,58,16,5.01,0,,++R,2,Y,NO
A1D160-S2-58-20,A1D160.S2.58.20,A1D160-S2,A1D160,58,20,4.11,2,,BT,0.5,Y,NO
A1D160-S2-58-27,A1D160.S2.58.27,A1D160-S2,A1D160,58,27,3.06,2,,NR,0,Y,NO
A1D179-S8-59-2,A1D179.S8.59.2,A1D179-S8,A1D179,59,2,4.08,2,,++R,2,Y,NO
A1D179-S8-59-4,A1D179.S8.59.4,A1D179-S8,A1D179,59,4,7.08,2,,++R,2,Y,NO
A1D179-S8-59-11,A1D179.S8.59.11,A1D179-S8,A1D179,59,11,5.11,3,,++R,2,Y,NO
A1D179-S8-59-15,A1D179.S8.59.15,A1D179-S8,A1D179,59,15,4,0,,++R,2,Y,Yes
A1D220-T2-60-3,A1D220.T2.60.3,A1D220-T2,A1D220,60,3,2,0,,++R,2,Y,Yes
A1D220-T2-60-4,A1D220.T2.60.4,A1D220-T2,A1D220,60,4,6.07,4,,++R,2,Y,Yes
A1D220-T2-60-5,A1D220.T2.60.5,A1D220-T2,A1D220,60,5,2.06,1,,++R,2,Y,Yes
A1D142-S1-61-2,A1D142.S1.61.2,A1D142-S1,A1D142,61,2,5.03,0,,BT,0.5,Y,Yes
A1D142-S1-61-3,A1D142.S1.61.3,A1D142-S1,A1D142,61,3,5.04,2,,+++R,3,Y,Yes
A1D142-S1-61-4,A1D142.S1.61.4,A1D142-S1,A1D142,61,4,6,1,,BT,0.5,Y,NO
A1D142-S1-61-5,A1D142.S1.61.5,A1D142-S1,A1D142,61,5,8.04,0,,+R,1,Y,NO
A1D1-AA6-R1-S7-62-1,A1D1.AA6.R1.S7.62.1,A1D1-AA6-R1-S7,A1D1-AA6,62,1,Late flowering,Late flowering,,+R,1,Y,NO
A1D1-AA6-R1-S7-62-5,A1D1.AA6.R1.S7.62.5,A1D1-AA6-R1-S7,A1D1-AA6,62,5,5.09,3,,+R,1,Y,NO
A1D1-AA6-R1-S7-62-9,A1D1.AA6.R1.S7.62.9,A1D1-AA6-R1-S7,A1D1-AA6,62,9,4.05,2,,BT,0.5,Y,NO
A1D1-AA6-R1-S7-62-17,A1D1.AA6.R1.S7.62.17,A1D1-AA6-R1-S7,A1D1-AA6,62,17,4.09,2,,BT,0.5,Y,NO
A1D1-AA6-R1-S7-62-18,A1D1.AA6.R1.S7.62.18,A1D1-AA6-R1-S7,A1D1-AA6,62,18,5.09,2,,BT,0.5,Y,NO
A1D1-AA6-R1-S7-62-22,A1D1.AA6.R1.S7.62.22,A1D1-AA6-R1-S7,A1D1-AA6,62,22,3.06,0,,NR,0,Y,NO
A1D1-AA6-R1-S7-62-25,A1D1.AA6.R1.S7.62.25,A1D1-AA6-R1-S7,A1D1-AA6,62,25,4.07,2,,+R,1,Y,NO
A1D190-S5-63-6,A1D190.S5.63.6,A1D190-S5,A1D190,63,6,3,1,,+R,1,Y,NO
A1D190-S5-63-7,A1D190.S5.63.7,A1D190-S5,A1D190,63,7,3.06,1,,++R,2,Y,NO
A1D190-S5-63-8,A1D190.S5.63.8,A1D190-S5,A1D190,63,8,5,2,,+R,1,Y,NO
A1D190-S5-63-9,A1D190.S5.63.9,A1D190-S5,A1D190,63,9,3.06,1,,++R,2,Y,NO
A1D190-S5-63-17,A1D190.S5.63.17,A1D190-S5,A1D190,63,17,5.02,3,,++R,2,Y,NO
A1D190-S5-63-20,A1D190.S5.63.20,A1D190-S5,A1D190,63,20,3.06,0,,NR,0,Y,NO
A1D119-S2-64-1,A1D119.S2.64.1,A1D119-S2,A1D119,64,1,5.04,2,,BT,0.5,Y,NO
A1D119-S2-64-4,A1D119.S2.64.4,A1D119-S2,A1D119,64,4,3,0,,+R,1,Y,NO
A1D119-S2-64-16,A1D119.S2.64.16,A1D119-S2,A1D119,64,16,5.02,1,,BT,0.5,Y,NO
A1D119-S2-64-20,A1D119.S2.64.20,A1D119-S2,A1D119,64,20,6.11,8,,++R,2,Y,NO
A1D211-T17-65-3,A1D211.T17.65.3,A1D211-T17,A1D211,65,3,3.06,0,,+++R,3,Y,Yes
A1D37-T15-66-1,A1D37.T15.66.1,A1D37-T15,A1D37,66,1,2.06,0,,+R,1,Y,NO
A1D211-T10-68-1,A1D211.T10.68.1,A1D211-T10,A1D211,68,1,4.11,0,,+++R,3,Y,NO
A1D211-T10-68-2,A1D211.T10.68.2,A1D211-T10,A1D211,68,2,Late flowering,Late flowering,,+++R,3,Y,NO
A1D211-T10-68-9,A1D211.T10.68.9,A1D211-T10,A1D211,68,9,4,0,,NR,0,Y,NO
A1D211-T10-68-10,A1D211.T10.68.10,A1D211-T10,A1D211,68,10,5.11,3,,+R,1,Y,NO
A1D211-T10-68-15,A1D211.T10.68.15,A1D211-T10,A1D211,68,15,5.08,2,,BT,0.5,Y,NO
A1D211-T10-68-19,A1D211.T10.68.19,A1D211-T10,A1D211,68,19,5,2,,NR,0,Y,NO
A1D211-T10-68-21,A1D211.T10.68.21,A1D211-T10,A1D211,68,21,5.05,2,,BT,0.5,Y,NO
A1D211-T10-68-28,A1D211.T10.68.28,A1D211-T10,A1D211,68,28,4.08,0,,++R,2,Y,NO
A1D211-T10-68-29,A1D211.T10.68.29,A1D211-T10,A1D211,68,29,7.06,2,,++R,2,Y,NO
A1D211-T10-68-31,A1D211.T10.68.31,A1D211-T10,A1D211,68,31,4.08,3,,+R,1,Y,NO
A1D211-T10-68-32,A1D211.T10.68.32,A1D211-T10,A1D211,68,32,3.06,3,,+++R,3,Y,Yes
A1D170-S3-69-11,A1D170.S3.69.11,A1D170-S3,A1D170,69,11,4.08,2,,+R,1,Y,NO
A1D170-S3-69-14,A1D170.S3.69.14,A1D170-S3,A1D170,69,14,3,1,,++R,2,Y,NO
A1D37-T24-71-6,A1D37.T24.71.6,A1D37-T24,A1D37,71,6,4,2,,++R,2,Y,NO
A1D37-T24-71-9,A1D37.T24.71.9,A1D37-T24,A1D37,71,9,6.06,0,,NR,0,Y,NO
A1D37-T24-71-14,A1D37.T24.71.14,A1D37-T24,A1D37,71,14,4.08,2,,BT,0.5,Y,NO
A1D37-T24-71-28,A1D37.T24.71.28,A1D37-T24,A1D37,71,28,5,1,,NR,0,Y,NO
A1D220-T34-72-10,A1D220.T34.72.10,A1D220-T34,A1D220,72,10,4.05,1,,NR,0,Y,NO
A1D220-T3-74-3,A1D220.T3.74.3,A1D220-T3,A1D220,74,3,6.09,4,,+R,1,Y,NO
A1D220-T3-74-11,A1D220.T3.74.11,A1D220-T3,A1D220,74,11,4.08,0,,++R,2,Y,Yes
A1D220-T3-74-14,A1D220.T3.74.14,A1D220-T3,A1D220,74,14,5.1,3,,+++R,3,Y,NO
A1D37-T29-75-1,A1D37.T29.75.1,A1D37-T29,A1D37,75,1,6.01,4,,++R,2,Y,NO
A1D37-T29-75-3,A1D37.T29.75.3,A1D37-T29,A1D37,75,3,4,1,,++R,2,Y,Yes
A1D37-T29-75-4,A1D37.T29.75.4,A1D37-T29,A1D37,75,4,7.06,4,,++R,2,Y,Yes
A1D37-T29-75-7,A1D37.T29.75.7,A1D37-T29,A1D37,75,7,5.06,2,,++R,2,Y,NO
A1D119-S4-76-1,A1D119.S4.76.1,A1D119-S4,A1D119,76,1,4,0,,NR,0,Y,Yes
A1D119-S4-76-4,A1D119.S4.76.4,A1D119-S4,A1D119,76,4,3,1,,++R,2,Y,Yes
A1D119-S4-76-5,A1D119.S4.76.5,A1D119-S4,A1D119,76,5,4.08,0,,++R,2,Y,Yes
A1D119-S4-76-6,A1D119.S4.76.6,A1D119-S4,A1D119,76,6,3.06,0,,++R,2,Y,NO
A1D119-S4-76-9,A1D119.S4.76.9,A1D119-S4,A1D119,76,9,4,1,,NR,0,Y,NO
A1D119-S4-76-14,A1D119.S4.76.14,A1D119-S4,A1D119,76,14,4,2,,NR,0,Y,NO
A1D37-T30-77-1,A1D37.T30.77.1,A1D37-T30,A1D37,77,1,5,2,,++R,2,Y,NO
A1D37-T30-77-6,A1D37.T30.77.6,A1D37-T30,A1D37,77,6,5.11,2,,+R,1,Y,NO
A1D37-T30-77-9,A1D37.T30.77.9,A1D37-T30,A1D37,77,9,6.07,0,,+R,1,Y,NO
A1D37-T30-77-11,A1D37.T30.77.11,A1D37-T30,A1D37,77,11,6.02,2,,BT,0.5,Y,NO
A1D37-T30-77-13,A1D37.T30.77.13,A1D37-T30,A1D37,77,13,4.08,2,,NR,0,Y,NO
A1D37-T30-77-14,A1D37.T30.77.14,A1D37-T30,A1D37,77,14,5.04,2,,+R,1,Y,NO
A1D37-T30-77-24,A1D37.T30.77.24,A1D37-T30,A1D37,77,24,6.03,2,,BT,0.5,Y,NO
A1D189-T13-79-3,A1D189.T13.79.3,A1D189-T13,A1D189,79,3,4,1,,++R,2,Y,NO
A1D189-T13-79-4,A1D189.T13.79.4,A1D189-T13,A1D189,79,4,7.03,0,,+R,1,Y,NO
A1D189-T13-79-6,A1D189.T13.79.6,A1D189-T13,A1D189,79,6,5,4,,++R,2,Y,NO
A1D189-T13-79-7,A1D189.T13.79.7,A1D189-T13,A1D189,79,7,5.05,1,,BT,0.5,Y,NO
A1D189-T13-79-13,A1D189.T13.79.13,A1D189-T13,A1D189,79,13,Late flowering,Late flowering,,++R,2,Y,NO
A1D185-T27-80-13,A1D185.T27.80.13,A1D185-T27,A1D185,80,13,3.06,1,,++R,2,Y,NO
A1D190-S15-82-6,A1D190.S15.82.6,A1D190-S15,A1D190,82,6,2.06,0,,BT,0.5,Y,NO
A1D190-S15-82-8,A1D190.S15.82.8,A1D190-S15,A1D190,82,8,5.04,5,,+R,1,Y,NO
A1D190-S15-82-17,A1D190.S15.82.17,A1D190-S15,A1D190,82,17,3.06,0,,NR,0,Y,NO
A1D189-T5-84-2,A1D189.T5.84.2,A1D189-T5,A1D189,84,2,Late flowering,Late flowering,,NR,0,Y,NO
A1D189-T5-84-3,A1D189.T5.84.3,A1D189-T5,A1D189,84,3,3.03,0,,NR,0,Y,NO
A1D189-T5-84-8,A1D189.T5.84.8,A1D189-T5,A1D189,84,8,3.06,1,,++R,2,Y,NO
A1D189-T5-84-13,A1D189.T5.84.13,A1D189-T5,A1D189,84,13,3,0,,NR,0,Y,NO
A1D189-T5-84-21,A1D189.T5.84.21,A1D189-T5,A1D189,84,21,3.06,2,,+R,1,Y,NO
A1D185-T19-85-1,A1D185.T19.85.1,A1D185-T19,A1D185,85,1,5.04,0,,+++R,3,Y,Yes
A1D185-T19-85-2,A1D185.T19.85.2,A1D185-T19,A1D185,85,2,6.1,2,,+R,1,Y,NO
A1D185-T19-85-4,A1D185.T19.85.4,A1D185-T19,A1D185,85,4,Late flowering,Late flowering,,++R,2,Y,Yes
A1D185-T19-85-11,A1D185.T19.85.11,A1D185-T19,A1D185,85,11,4.08,3,,++R,2,Y,Yes
A1D185-T19-85-12,A1D185.T19.85.12,A1D185-T19,A1D185,85,12,Late flowering,Late flowering,,+R,1,Y,Yes
A1D190-S6-86-1,A1D190.S6.86.1,A1D190-S6,A1D190,86,1,3,2,,+R,1,Y,NO
A1D156-T28-87-4,A1D156.T28.87.4,A1D156-T28,A1D156,87,4,2,2,,++R,2,Y,NO
A1D156-T28-87-5,A1D156.T28.87.5,A1D156-T28,A1D156,87,5,4.11,2,,++R,2,Y,NO
A1D156-T28-87-6,A1D156.T28.87.6,A1D156-T28,A1D156,87,6,4.06,0,,++R,2,Y,NO
A1D119-S3-88-8,A1D119.S3.88.8,A1D119-S3,A1D119,88,8,4,2,,+R,1,Y,NO
A1D119-S3-88-9,A1D119.S3.88.9,A1D119-S3,A1D119,88,9,3.06,1,,+R,1,Y,NO
A1D190-S8-89-7,A1D190.S8.89.7,A1D190-S8,A1D190,89,7,4,2,,BT,0.5,Y,NO
A1D190-S8-89-10,A1D190.S8.89.10,A1D190-S8,A1D190,89,10,4,0,,+R,1,Y,NO
A1D190-S8-89-12,A1D190.S8.89.12,A1D190-S8,A1D190,89,12,5.02,1,,++R,2,Y,NO
A1D190-S8-89-14,A1D190.S8.89.14,A1D190-S8,A1D190,89,14,5.04,2,,++R,2,Y,NO
A1D190-S8-89-22,A1D190.S8.89.22,A1D190-S8,A1D190,89,22,3,3,,+R,1,Y,NO
A1D37-T4-90-9,A1D37.T4.90.9,A1D37-T4,A1D37,90,9,3,2,,NR,0,Y,NO
A1D37-T4-90-17,A1D37.T4.90.17,A1D37-T4,A1D37,90,17,7.1,2,,NR,0,Y,NO
A1D37-T4-90-25,A1D37.T4.90.25,A1D37-T4,A1D37,90,25,3,0,,NR,0,Y,NO
A1D37-T4-90-26,A1D37.T4.90.26,A1D37-T4,A1D37,90,26,5.04,1,,+R,1,Y,NO
A1D211-S1-91-8,A1D211.S1.91.8,A1D211-S1,A1D211,91,8,4.06,2,,+R,1,Y,NO
A1D211-S1-91-12,A1D211.S1.91.12,A1D211-S1,A1D211,91,12,4.1,3,,BT,0.5,Y,NO
A1D211-S1-91-14,A1D211.S1.91.14,A1D211-S1,A1D211,91,14,3.06,0,,++R,2,Y,NO
A1D211-S1-91-16,A1D211.S1.91.16,A1D211-S1,A1D211,91,16,5.06,2,,++R,2,Y,NO
A1D211-S1-91-18,A1D211.S1.91.18,A1D211-S1,A1D211,91,18,7.04,0,,+R,1,Y,NO
A1D189-T14-92-4,A1D189.T14.92.4,A1D189-T14,A1D189,92,4,4,0,,NR,0,Y,NO
A1D189-T14-92-5,A1D189.T14.92.5,A1D189-T14,A1D189,92,5,4,0,,BT,0.5,Y,NO
A1D116-S2-93-2,A1D116.S2.93.2,A1D116-S2,A1D116,93,2,4,2,,++R,2,Y,NO
A1D116-S2-93-4,A1D116.S2.93.4,A1D116-S2,A1D116,93,4,7.02,2,,++R,2,Y,NO
A1D116-S2-93-6,A1D116.S2.93.6,A1D116-S2,A1D116,93,6,4.05,1,,+R,1,Y,NO
A1D116-S2-93-14,A1D116.S2.93.14,A1D116-S2,A1D116,93,14,Late flowering,Late flowering,,++R,2,Y,NO
A1D116-S2-93-15,A1D116.S2.93.15,A1D116-S2,A1D116,93,15,3,0,,NR,0,Y,NO
A1D116-S2-93-20,A1D116.S2.93.20,A1D116-S2,A1D116,93,20,4.09,1,,++R,2,Y,Yes
A1D220-S5-94-2,A1D220.S5.94.2,A1D220-S5,A1D220,94,2,4.05,3,,++R,2,Y,NO
A1D220-S5-94-3,A1D220.S5.94.3,A1D220-S5,A1D220,94,3,6.03,2,,++R,2,Y,Yes
A1D220-S5-94-9,A1D220.S5.94.9,A1D220-S5,A1D220,94,9,5.06,3,,++R,2,Y,Yes
A1D126-T3-95-1,A1D126.T3.95.1,A1D126-T3,A1D126,95,1,6.04,1,,NR,0,Y,NO
A1D126-T3-95-2,A1D126.T3.95.2,A1D126-T3,A1D126,95,2,6.06,0,,BT,0.5,Y,NO
A1D126-T3-95-3,A1D126.T3.95.3,A1D126-T3,A1D126,95,3,7.07,0,,BT,0.5,Y,NO
A1D126-T3-95-4,A1D126.T3.95.4,A1D126-T3,A1D126,95,4,5.1,0,,BT,0.5,Y,NO
A1D126-T3-95-5,A1D126.T3.95.5,A1D126-T3,A1D126,95,5,6.04,1,,+R,1,Y,NO
A1D126-T3-95-6,A1D126.T3.95.6,A1D126-T3,A1D126,95,6,5.11,1,,+R,1,Y,NO
A1D126-T3-95-7,A1D126.T3.95.7,A1D126-T3,A1D126,95,7,5.02,0,,BT,0.5,Y,NO
A1D126-T3-95-8,A1D126.T3.95.8,A1D126-T3,A1D126,95,8,6.07,0,,BT,0.5,Y,NO
A1D126-T3-95-9,A1D126.T3.95.9,A1D126-T3,A1D126,95,9,8.04,0,,BT,0.5,Y,NO
A1D126-T3-95-10,A1D126.T3.95.10,A1D126-T3,A1D126,95,10,Late flowering,Late flowering,,BT,0.5,Y,NO
A1D126-T3-95-11,A1D126.T3.95.11,A1D126-T3,A1D126,95,11,5.08,3,,BT,0.5,Y,NO
A1D190-S14-96-5,A1D190.S14.96.5,A1D190-S14,A1D190,96,5,4,4,,++R,2,Y,NO
A1D190-S14-96-10,A1D190.S14.96.10,A1D190-S14,A1D190,96,10,2.06,0,,NR,0,Y,NO
A1D190-S14-96-15,A1D190.S14.96.15,A1D190-S14,A1D190,96,15,3,2,,+R,1,Y,NO
A1D190-S14-96-16,A1D190.S14.96.16,A1D190-S14,A1D190,96,16,4.05,3,,NR,0,Y,NO
A1D1-H7-R2-S1-97-1,A1D1.H7.R2.S1.97.1,A1D1-H7-R2-S1,A1D1_H7,97,1,Late flowering,Late flowering,,++R,2,Y,NO
A1D1-H7-R2-S1-97-2,A1D1.H7.R2.S1.97.2,A1D1-H7-R2-S1,A1D1_H7,97,2,6.06,4,,NR,0,Y,NO
A1D1-H7-R2-S1-97-3,A1D1.H7.R2.S1.97.3,A1D1-H7-R2-S1,A1D1_H7,97,3,Late flowering,Late flowering,,NR,0,Y,NO
A1D1-H7-R2-S1-97-4,A1D1.H7.R2.S1.97.4,A1D1-H7-R2-S1,A1D1_H7,97,4,6.09,0,,BT,0.5,Y,NO
A1D1-H7-R2-S1-97-5,A1D1.H7.R2.S1.97.5,A1D1-H7-R2-S1,A1D1_H7,97,5,6.08,0,,++R,2,Y,NO
A1D1-H7-R2-S1-97-6,A1D1.H7.R2.S1.97.6,A1D1-H7-R2-S1,A1D1_H7,97,6,5.08,0,,++R,2,Y,NO
A1D1-H7-R2-S1-97-7,A1D1.H7.R2.S1.97.7,A1D1-H7-R2-S1,A1D1_H7,97,7,5.01,0,,NR,0,Y,NO
A1D1-H7-R2-S1-97-8,A1D1.H7.R2.S1.97.8,A1D1-H7-R2-S1,A1D1_H7,97,8,4.09,0,,NR,0,Y,NO
A1D1-H7-R2-S1-97-9,A1D1.H7.R2.S1.97.9,A1D1-H7-R2-S1,A1D1_H7,97,9,5.1,1,,NR,0,Y,NO
A1D1-H7-R2-S1-97-10,A1D1.H7.R2.S1.97.10,A1D1-H7-R2-S1,A1D1_H7,97,10,5.02,0,,++R,2,Y,NO
A1D1-H7-R2-S1-97-11,A1D1.H7.R2.S1.97.11,A1D1-H7-R2-S1,A1D1_H7,97,11,5.05,0,,NR,0,Y,NO
A1D1-H7-R2-S1-97-12,A1D1.H7.R2.S1.97.12,A1D1-H7-R2-S1,A1D1_H7,97,12,5.06,2,,BT,0.5,Y,NO
A1D1-H7-R2-S1-97-13,A1D1.H7.R2.S1.97.13,A1D1-H7-R2-S1,A1D1_H7,97,13,6,0,,NR,0,Y,NO
A1D1-H7-R2-S1-97-14,A1D1.H7.R2.S1.97.14,A1D1-H7-R2-S1,A1D1_H7,97,14,5.11,2,,NR,0,Y,NO
A1D1-H7-R2-S1-97-15,A1D1.H7.R2.S1.97.15,A1D1-H7-R2-S1,A1D1_H7,97,15,Late flowering,Late flowering,,NR,0,Y,NO
A1D1-H7-R2-S1-97-16,A1D1.H7.R2.S1.97.16,A1D1-H7-R2-S1,A1D1_H7,97,16,5.01,0,,NR,0,Y,NO
A1D1-H7-R2-S1-97-17,A1D1.H7.R2.S1.97.17,A1D1-H7-R2-S1,A1D1_H7,97,17,6,2,,NR,0,Y,NO
A1D1-H7-R2-S1-97-18,A1D1.H7.R2.S1.97.18,A1D1-H7-R2-S1,A1D1_H7,97,18,5.05,0,,+R,1,Y,NO
A1D1-H7-R2-S1-97-19,A1D1.H7.R2.S1.97.19,A1D1-H7-R2-S1,A1D1_H7,97,19,6.05,3,,+R,1,Y,NO
A1D156-S4-98-10,A1D156.S4.98.10,A1D156-S4,A1D156,98,10,2.06,1,,BT,0.5,Y,NO
A1D156-S4-98-11,A1D156.S4.98.11,A1D156-S4,A1D156,98,11,2.06,2,,BT,0.5,Y,NO
A1D156-S4-98-13,A1D156.S4.98.13,A1D156-S4,A1D156,98,13,4.1,0,,+R,1,Y,NO
A1D156-S4-98-15,A1D156.S4.98.15,A1D156-S4,A1D156,98,15,3.06,3,,BT,0.5,Y,NO
A1D156-S4-98-25,A1D156.S4.98.25,A1D156-S4,A1D156,98,25,2,0,,++R,2,Y,NO
A1D156-S4-98-31,A1D156.S4.98.31,A1D156-S4,A1D156,98,31,4,2,,+R,1,Y,NO
A1D156-S2-99-5,A1D156.S2.99.5,A1D156-S2,A1D156,99,5,3.06,0,,++R,2,Y,NO
A1D156-S2-99-6,A1D156.S2.99.6,A1D156-S2,A1D156,99,6,5.08,3,,BT,0.5,Y,NO
A1D156-S2-99-7,A1D156.S2.99.7,A1D156-S2,A1D156,99,7,7.05,2,,+R,1,Y,NO
A1D185-T36-100-5,A1D185.T36.100.5,A1D185-T36,A1D185,100,5,Late flowering,Late flowering,,BT,0.5,Y,NO
A1D185-T36-100-12,A1D185.T36.100.12,A1D185-T36,A1D185,100,12,Late flowering,Late flowering,,+R,1,Y,NO
A1D185-T36-100-13,A1D185.T36.100.13,A1D185-T36,A1D185,100,13,5,0,,++R,2,Y,NO
A1D37-T26-101-4,A1D37.T26.101.4,A1D37-T26,A1D37,101,4,5.01,2,,BT,0.5,Y,NO
A1D37-T26-101-7,A1D37.T26.101.7,A1D37-T26,A1D37,101,7,5.02,2,,++R,2,Y,NO
A1D37-T26-101-9,A1D37.T26.101.9,A1D37-T26,A1D37,101,9,4.08,5,,++R,2,Y,NO
A1D37-T26-101-10,A1D37.T26.101.10,A1D37-T26,A1D37,101,10,5.01,4,,+R,1,Y,NO
A1D37-T26-101-12,A1D37.T26.101.12,A1D37-T26,A1D37,101,12,4.08,1,,BT,0.5,Y,NO
A1D185-T5-102-1,A1D185.T5.102.1,A1D185-T5,A1D185,102,1,4,2,,NR,0,Y,NO
A1D185-T5-102-8,A1D185.T5.102.8,A1D185-T5,A1D185,102,8,5.09,4,,++R,2,Y,Yes
A1D281-T1-104-3,A1D281.T1.104.3,A1D281-T1,A1D281,104,3,4,0,,++R,2,Y,Yes
A1D281-T1-104-4,A1D281.T1.104.4,A1D281-T1,A1D281,104,4,4.08,0,,+R,1,Y,NO
A1D281-T1-104-7,A1D281.T1.104.7,A1D281-T1,A1D281,104,7,4,2,,NR,0,Y,NO
A1D1-D4-S4-105-6,A1D1.D4.S4.105.6,A1D1-D4-S4,A1D1-D4,105,6,3.06,0,,NR,0,Y,NO
A1D1-D4-S4-105-13,A1D1.D4.S4.105.13,A1D1-D4-S4,A1D1-D4,105,13,5.03,0,,BT,0.5,Y,NO
A1D1-D4-S4-105-15,A1D1.D4.S4.105.15,A1D1-D4-S4,A1D1-D4,105,15,4,3,,++R,2,Y,NO
A1D76-T1-108-1,A1D76.T1.108.1,A1D76-T1,A1D76,108,1,Late flowering,Late flowering,,++R,2,Y,NO
A1D76-T1-108-2,A1D76.T1.108.2,A1D76-T1,A1D76,108,2,Late flowering,Late flowering,,NR,0,Y,NO
A1D76-T1-108-3,A1D76.T1.108.3,A1D76-T1,A1D76,108,3,Late flowering,Late flowering,,+R,1,Y,NO
A1D76-T1-108-4,A1D76.T1.108.4,A1D76-T1,A1D76,108,4,5.04,0,,++R,2,Y,NO
A1D76-T1-108-5,A1D76.T1.108.5,A1D76-T1,A1D76,108,5,4.11,0,,++R,2,Y,Yes
A1D76-T1-108-6,A1D76.T1.108.6,A1D76-T1,A1D76,108,6,Late flowering,Late flowering,,++R,2,Y,NO
A1D76-T1-108-7,A1D76.T1.108.7,A1D76-T1,A1D76,108,7,4.05,1,,++R,2,Y,NO
A1D76-T1-108-8,A1D76.T1.108.8,A1D76-T1,A1D76,108,8,Late flowering,Late flowering,,+R,1,Y,NO
A1D185-S2-109-5,A1D185.S2.109.5,A1D185-S2,A1D185,109,5,6.04,2,,+R,1,Y,NO
A1D185-S2-109-7,A1D185.S2.109.7,A1D185-S2,A1D185,109,7,4,0,,NR,0,Y,NO
A1D185-S2-109-11,A1D185.S2.109.11,A1D185-S2,A1D185,109,11,Late flowering,Late flowering,,+R,1,Y,NO
A1D185-S2-109-21,A1D185.S2.109.21,A1D185-S2,A1D185,109,21,5.07,1,,++R,2,Y,NO
A1D185-S2-109-23,A1D185.S2.109.23,A1D185-S2,A1D185,109,23,4,3,,+R,1,Y,NO
A1D185-S2-109-24,A1D185.S2.109.24,A1D185-S2,A1D185,109,24,Late flowering,Late flowering,,BT,0.5,Y,NO
A1D185-S2-109-27,A1D185.S2.109.27,A1D185-S2,A1D185,109,27,4.08,2,,++R,2,Y,NO
A1D170-S1-110-6,A1D170.S1.110.6,A1D170-S1,A1D170,110,6,6.03,3,,++R,2,Y,NO
A1D170-S1-110-11,A1D170.S1.110.11,A1D170-S1,A1D170,110,11,Late flowering,Late flowering,,BT,0.5,Y,NO
A1D170-S1-110-9,A1D170.S1.110.9,A1D170-S1,A1D170,110,9,5.11,1,,NR,0,Y,NO
A1D170-S1-110-4,A1D170.S1.110.4,A1D170-S1,A1D170,110,4,6.04,1,,+R,1,Y,NO
A1D156-T32a-111-1,A1D156.T32a.111.1,A1D156-T32a,A1D156,111,1,3,2,,++R,2,Y,NO
A1D156-T32a-111-5,A1D156.T32a.111.5,A1D156-T32a,A1D156,111,5,3,1,,NR,0,Y,NO
A1D156-T32a-111-8,A1D156.T32a.111.8,A1D156-T32a,A1D156,111,8,5.02,2,,NR,0,Y,NO
A1D156-T32a-111-14,A1D156.T32a.111.14,A1D156-T32a,A1D156,111,14,5.09,0,,+R,1,Y,NO
A1D156-T32a-111-15,A1D156.T32a.111.15,A1D156-T32a,A1D156,111,15,4.1,0,,BT,0.5,Y,NO
A1D156-T32a-111-16,A1D156.T32a.111.16,A1D156-T32a,A1D156,111,16,3.06,1,,NR,0,Y,NO
A1D156-T32a-111-17,A1D156.T32a.111.17,A1D156-T32a,A1D156,111,17,5.01,3,,++R,2,Y,NO
A1D156-T32a-111-19,A1D156.T32a.111.19,A1D156-T32a,A1D156,111,19,5.02,3,,++R,2,Y,NO
A1D156-T32a-111-23,A1D156.T32a.111.23,A1D156-T32a,A1D156,111,23,5,2,,++R,2,Y,NO
A1D156-T32a-111-25,A1D156.T32a.111.25,A1D156-T32a,A1D156,111,25,4.06,2,,++R,2,Y,NO
A1D156-T32a-111-32,A1D156.T32a.111.32,A1D156-T32a,A1D156,111,32,6.02,0,,BT,0.5,Y,NO
A1D156-T32a-111-33,A1D156.T32a.111.33,A1D156-T32a,A1D156,111,33,4,2,,BT,0.5,Y,NO
A1D1-AA6-R1-S2-112-4,A1D1.AA6.R1.S2.112.4,A1D1-AA6-R1-S2,A1D1-AA6,112,4,3.06,2,,++R,2,Y,NO
A1D1-AA6-R1-S2-112-5,A1D1.AA6.R1.S2.112.5,A1D1-AA6-R1-S2,A1D1-AA6,112,5,4,0,,+++R,3,Y,NO
A1D1-AA6-R1-S2-112-8,A1D1.AA6.R1.S2.112.8,A1D1-AA6-R1-S2,A1D1-AA6,112,8,3.06,0,,NR,0,Y,NO
A1D1-AA6-R1-S2-112-12,A1D1.AA6.R1.S2.112.12,A1D1-AA6-R1-S2,A1D1-AA6,112,12,2,1,,+++R,3,Y,NO
A1D1-AA6-R1-S2-112-13,A1D1.AA6.R1.S2.112.13,A1D1-AA6-R1-S2,A1D1-AA6,112,13,6.03,3,,+++R,3,Y,NO
A1D179-S3-115-5,A1D179.S3.115.5,A1D179-S3,A1D179,115,5,4.08,0,,++R,2,Y,NO
A1D179-S3-115-10,A1D179.S3.115.10,A1D179-S3,A1D179,115,10,2.06,0,,NR,0,Y,NO
A1D179-S3-115-21,A1D179.S3.115.21,A1D179-S3,A1D179,115,21,4.11,3,,++R,2,Y,NO
A1D179-S3-115-22,A1D179.S3.115.22,A1D179-S3,A1D179,115,22,2.06,0,,NR,0,Y,NO
A1D220-T29-116-1,A1D220.T29.116.1,A1D220-T29,A1D220,116,1,Late flowering,Late flowering,,BT,0.5,Y,NO
A1D220-T29-116-3,A1D220.T29.116.3,A1D220-T29,A1D220,116,3,Late flowering,Late flowering,,BT,0.5,Y,NO
A1D220-T29-116-9,A1D220.T29.116.9,A1D220-T29,A1D220,116,9,4.02,3,,+++R,3,Y,NO
A1D141-S3-117-1,A1D141.S3.117.1,A1D141-S3,A1D141,117,1,5.02,3,,++R,2,Y,NO
A1D141-S3-117-2,A1D141.S3.117.2,A1D141-S3,A1D141,117,2,6.02,0,,BT,0.5,Y,NO
A1D141-S3-117-3,A1D141.S3.117.3,A1D141-S3,A1D141,117,3,4.09,1,,NR,0,Y,NO
A1D141-S3-117-4,A1D141.S3.117.4,A1D141-S3,A1D141,117,4,4,0,,+++R,3,Y,NO
A1D141-S3-117-5,A1D141.S3.117.5,A1D141-S3,A1D141,117,5,5.01,3,,+++R,3,Y,NO
A1D141-S3-117-6,A1D141.S3.117.6,A1D141-S3,A1D141,117,6,3,2,,NR,0,Y,NO
A1D141-S3-117-7,A1D141.S3.117.7,A1D141-S3,A1D141,117,7,3.06,1,,NR,0,Y,NO
A1D141-S3-117-8,A1D141.S3.117.8,A1D141-S3,A1D141,117,8,4.08,0,,NR,0,Y,NO
A1D141-S3-117-9,A1D141.S3.117.9,A1D141-S3,A1D141,117,9,4,0,,++R,2,Y,NO
A1D141-S3-117-10,A1D141.S3.117.10,A1D141-S3,A1D141,117,10,2.03,0,,+R,1,Y,NO
A1D141-S3-117-11,A1D141.S3.117.11,A1D141-S3,A1D141,117,11,Late flowering,Late flowering,,+++R,3,Y,Yes
A1D141-S3-117-12,A1D141.S3.117.12,A1D141-S3,A1D141,117,12,Late flowering,Late flowering,,+R,1,Y,Yes
A1D185-T6-118-1,A1D185.T6.118.1,A1D185-T6,A1D185,118,1,Late flowering,Late flowering,,+++R,3,Y,NO
A1D185-T6-118-2,A1D185.T6.118.2,A1D185-T6,A1D185,118,2,4,1,,NR,0,Y,NO
A1D185-T6-118-12,A1D185.T6.118.12,A1D185-T6,A1D185,118,12,6.07,0,,++R,2,Y,Yes
A1D185-T6-118-13,A1D185.T6.118.13,A1D185-T6,A1D185,118,13,6.05,1,,+++R,3,Y,Yes
A1D185-T6-118-15,A1D185.T6.118.15,A1D185-T6,A1D185,118,15,4,3,,++R,2,Y,Yes
A1D185-T18-120-7,A1D185.T18.120.7,A1D185-T18,A1D185,120,7,4.11,1,,NR,0,Y,Yes
A1D185-T18-120-8,A1D185.T18.120.8,A1D185-T18,A1D185,120,8,Late flowering,Late flowering,,++R,2,Y,Yes
A1D185-T18-120-15,A1D185.T18.120.15,A1D185-T18,A1D185,120,15,4.08,4,,++R,2,Y,Yes
A1D185-T18-120-16,A1D185.T18.120.16,A1D185-T18,A1D185,120,16,Late flowering,Late flowering,,++R,2,Y,Yes
A1D185-T18-120-3,A1D185.T18.120.3,A1D185-T18,A1D185,120,3,4.08,0,,NR,0,Y,NO
A1D185-T18-120-4,A1D185.T18.120.4,A1D185-T18,A1D185,120,4,7.01,3,,+++R,3,Y,NO
A1D185-T18-120-18,A1D185.T18.120.18,A1D185-T18,A1D185,120,18,7.08,1,,+R,1,Y,NO
A1D119-S4-121-1,A1D119.S4.121.1,A1D119-S4,A1D119,121,1,2.06,2,,NR,0,Y,NO
A1D119-S4-121-2,A1D119.S4.121.2,A1D119-S4,A1D119,121,2,Late flowering,Late flowering,,+R,1,Y,NO
A1D119-S4-121-10,A1D119.S4.121.10,A1D119-S4,A1D119,121,10,5.01,2,,NR,0,Y,NO
A1D119-S4-121-15,A1D119.S4.121.15,A1D119-S4,A1D119,121,15,3.06,0,,NR,0,Y,NO
A1D119-S4-121-30,A1D119.S4.121.30,A1D119-S4,A1D119,121,30,2.06,1,,NR,0,Y,NO
A1D179-S4-122-2,A1D179.S4.122.2,A1D179-S4,A1D179,122,2,7.04,0,,+R,1,Y,NO
A1D185-T15-123-2,A1D185.T15.123.2,A1D185-T15,A1D185,123,2,8.05,3,,+++R,3,Y,Yes
A1D185-T15-123-6,A1D185.T15.123.6,A1D185-T15,A1D185,123,6,5.1,1,,+R,1,Y,NO
A1D185-T15-123-13,A1D185.T15.123.13,A1D185-T15,A1D185,123,13,7.07,4,,++R,2,Y,NO
A1D185-T15-123-18,A1D185.T15.123.18,A1D185-T15,A1D185,123,18,6.05,3,,NR,0,Y,NO
A1D185-T15-123-24,A1D185.T15.123.24,A1D185-T15,A1D185,123,24,6.09,3,,BT,0.5,Y,NO
A1D220-S2-124-3,A1D220.S2.124.3,A1D220-S2,A1D220,124,3,3.06,2,,BT,0.5,Y,NO
A1D220-S2-124-7,A1D220.S2.124.7,A1D220-S2,A1D220,124,7,4,0,,++R,2,Y,NO
A1D220-S2-124-9,A1D220.S2.124.9,A1D220-S2,A1D220,124,9,5.04,0,,++R,2,Y,NO
A1D220-S2-124-10,A1D220.S2.124.10,A1D220-S2,A1D220,124,10,3,1,,++R,2,Y,Yes
A1D220-S2-124-14,A1D220.S2.124.14,A1D220-S2,A1D220,124,14,4.08,0,,+R,1,Y,NO
A1D220-S2-124-24,A1D220.S2.124.24,A1D220-S2,A1D220,124,24,3.05,0,,++R,2,Y,NO
A1D220-S2-124-33,A1D220.S2.124.33,A1D220-S2,A1D220,124,33,Late flowering,Late flowering,,+R,1,Y,NO
A1D119-S2-126-2,A1D119.S2.126.2,A1D119-S2,A1D119,126,2,5,2,,+R,1,Y,NO
A1D119-S2-126-3,A1D119.S2.126.3,A1D119-S2,A1D119,126,3,5.03,2,,+R,1,Y,NO
A1D119-S2-126-6,A1D119.S2.126.6,A1D119-S2,A1D119,126,6,4.1,0,,++R,2,Y,NO
A1D119-S2-126-12,A1D119.S2.126.12,A1D119-S2,A1D119,126,12,5.06,2,,+R,1,Y,NO
A1D119-S2-126-14,A1D119.S2.126.14,A1D119-S2,A1D119,126,14,5.09,0,,+R,1,Y,NO
A1D119-S2-126-16,A1D119.S2.126.16,A1D119-S2,A1D119,126,16,5.09,2,,BT,0.5,Y,NO
A1D119-S2-126-17,A1D119.S2.126.17,A1D119-S2,A1D119,126,17,5.01,0,,++R,2,Y,NO
A1D119-S2-126-19,A1D119.S2.126.19,A1D119-S2,A1D119,126,19,5.05,3,,++R,2,Y,NO
A1D119-S2-126-20,A1D119.S2.126.20,A1D119-S2,A1D119,126,20,4.08,2,,++R,2,Y,NO
A1D119-S2-126-21,A1D119.S2.126.21,A1D119-S2,A1D119,126,21,4.08,1,,NR,0,Y,NO
A1D119-S2-126-23,A1D119.S2.126.23,A1D119-S2,A1D119,126,23,5,1,,NR,0,Y,NO
A1D119-S2-126-29,A1D119.S2.126.29,A1D119-S2,A1D119,126,29,5.06,1,,++R,2,Y,NO
A1D119-S2-126-31,A1D119.S2.126.31,A1D119-S2,A1D119,126,31,6,1,,BT,0.5,Y,NO
A1D119-S2-126-32,A1D119.S2.126.32,A1D119-S2,A1D119,126,32,6.07,1,,NR,0,Y,NO
A1D179-S3-127-9,A1D179.S3.127.9,A1D179-S3,A1D179,127,9,5.06,2,,+++R,3,Y,NO
A1D179-S3-127-12,A1D179.S3.127.12,A1D179-S3,A1D179,127,12,4,0,,+R,1,Y,NO
A1D179-S3-127-17,A1D179.S3.127.17,A1D179-S3,A1D179,127,17,4,0,,BT,0.5,Y,NO
A1D116-S2-129-4,A1D116.S2.129.4,A1D116-S2,A1D116,129,4,4.06,1,,+R,1,Y,NO
A1D116-S2-129-7,A1D116.S2.129.7,A1D116-S2,A1D116,129,7,4.1,0,,+R,1,Y,NO
A1D116-S2-129-9,A1D116.S2.129.9,A1D116-S2,A1D116,129,9,4.08,2,,NR,0,Y,NO
A1D116-S2-129-13,A1D116.S2.129.13,A1D116-S2,A1D116,129,13,4,1,,BT,0.5,Y,NO
A1D116-S2-129-15,A1D116.S2.129.15,A1D116-S2,A1D116,129,15,6.02,0,,++R,2,Y,Yes
A1D116-S2-129-24,A1D116.S2.129.24,A1D116-S2,A1D116,129,24,4.08,3,,++R,2,Y,NO
A1D116-S2-129-26,A1D116.S2.129.26,A1D116-S2,A1D116,129,26,5.08,2,,++R,2,Y,NO
A1D116-S2-129-38,A1D116.S2.129.38,A1D116-S2,A1D116,129,38,4,0,,+R,1,Y,NO
A1D116-S2-129-40,A1D116.S2.129.40,A1D116-S2,A1D116,129,40,4,2,,NR,0,Y,NO
A1D189-T13-130-4,A1D189.T13.130.4,A1D189-T13,A1D189,130,4,3,3,,++R,2,Y,NO
A1D189-T13-130-5,A1D189.T13.130.5,A1D189-T13,A1D189,130,5,4,2,,++R,2,Y,NO
A1D189-T13-130-8,A1D189.T13.130.8,A1D189-T13,A1D189,130,8,3,0,,++R,2,Y,NO
A1D189-T13-130-9,A1D189.T13.130.9,A1D189-T13,A1D189,130,9,5.1,3,,+R,1,Y,NO
A1D80-T2-131-4,A1D80.T2.131.4,A1D80-T2,A1D80,131,4,4,1,,BT,0.5,Y,NO
A1D80-T2-131-12,A1D80.T2.131.12,A1D80-T2,A1D80,131,12,3,2,,BT,0.5,Y,NO
A1D80-T2-131-13,A1D80.T2.131.13,A1D80-T2,A1D80,131,13,4,2,,+R,1,Y,NO
A1D80-T2-131-14,A1D80.T2.131.14,A1D80-T2,A1D80,131,14,5.01,1,,BT,0.5,Y,Yes
A1D80-T2-131-15,A1D80.T2.131.15,A1D80-T2,A1D80,131,15,3.06,1,,BT,0.5,Y,NO
A1D80-T2-131-16,A1D80.T2.131.16,A1D80-T2,A1D80,131,16,3,0,,+R,1,Y,NO
A1D80-T2-131-17,A1D80.T2.131.17,A1D80-T2,A1D80,131,17,4,0,,BT,0.5,Y,NO
A1D80-T2-131-18,A1D80.T2.131.18,A1D80-T2,A1D80,131,18,4.05,2,,++R,2,Y,NO
A1D80-T2-131-20,A1D80.T2.131.20,A1D80-T2,A1D80,131,20,NA,NA,,+R,1,Y,Yes
A1D220-T10-132-11,A1D220.T10.132.11,A1D220-T10,A1D220,132,11,2,2,,+R,1,Y,NO
A1D156-T27-133-6,A1D156.T27.133.6,A1D156-T27,A1D156,133,6,1.05,0,,NR,0,Y,NO
A1D156-T27-133-9,A1D156.T27.133.9,A1D156-T27,A1D156,133,9,Late flowering,Late flowering,,NR,0,Y,NO
A1D281-T9-134-1,A1D281.T9.134.1,A1D281-T9,A1D281,134,1,4.08,0,,++R,2,Y,NO
A1D179-T20-135-1,A1D179.T20.135.1,A1D179-T20,A1D179,135,1,5.04,2,,++R,2,Y,NO
A1D179-T20-135-4,A1D179.T20.135.4,A1D179-T20,A1D179,135,4,1.05,0,,NR,0,Y,NO
A1D179-T20-135-7,A1D179.T20.135.7,A1D179-T20,A1D179,135,7,7.01,4,,BT,0.5,Y,NO
A1D179-T20-135-11,A1D179.T20.135.11,A1D179-T20,A1D179,135,11,4.09,4,,+R,1,Y,NO
A1D179-T20-135-17,A1D179.T20.135.17,A1D179-T20,A1D179,135,17,4.11,2,,+R,1,Y,NO
A1D1-D4-S3-138-4,A1D1.D4.S3.138.4,A1D1-D4-S3,A1D1-D4,138,4,4.08,1,,+R,1,Y,NO
A1D1-D4-S3-138-7,A1D1.D4.S3.138.7,A1D1-D4-S3,A1D1-D4,138,7,3.05,0,,++R,2,Y,NO
A1D1-D4-S3-138-10,A1D1.D4.S3.138.10,A1D1-D4-S3,A1D1-D4,138,10,2,2,,++R,2,Y,NO
A1D170-S2-139-1,A1D170.S2.139.1,A1D170-S2,A1D170,139,1,Late flowering,Late flowering,,NR,0,Y,NO
A1D170-S2-139-2,A1D170.S2.139.2,A1D170-S2,A1D170,139,2,3.05,0,,NR,0,Y,NO
A1D170-S2-139-3,A1D170.S2.139.3,A1D170-S2,A1D170,139,3,3.05,0,,BT,0.5,Y,NO
A1D170-S2-139-4,A1D170.S2.139.4,A1D170-S2,A1D170,139,4,4.08,2,,+R,1,Y,NO
A1D170-S2-139-5,A1D170.S2.139.5,A1D170-S2,A1D170,139,5,3,1,,NR,0,Y,NO
A1D170-S2-139-6,A1D170.S2.139.6,A1D170-S2,A1D170,139,6,8.11,3,,+R,1,Y,NO
A1D170-S2-139-7,A1D170.S2.139.7,A1D170-S2,A1D170,139,7,4,2,,NR,0,Y,NO
A1D170-S2-139-12,A1D170.S2.139.12,A1D170-S2,A1D170,139,12,4.06,3,,++R,2,Y,NO
A1D170-S2-139-14,A1D170.S2.139.14,A1D170-S2,A1D170,139,14,4,2,,++R,2,Y,NO
A1D170-S2-139-30,A1D170.S2.139.30,A1D170-S2,A1D170,139,30,4,0,,++R,2,Y,NO
A1D190-S10-140-1,A1D190.S10.140.1,A1D190-S10,A1D190,140,1,3.05,2,,++R,2,Y,NO
A1D190-S10-140-3,A1D190.S10.140.3,A1D190-S10,A1D190,140,3,6.3,3,,++R,2,Y,Yes
A1D190-S10-140-10,A1D190.S10.140.10,A1D190-S10,A1D190,140,10,6.06,1,,+R,1,Y,NO
A1D190-S10-140-17,A1D190.S10.140.17,A1D190-S10,A1D190,140,17,5.01,1,,++R,2,Y,NO
A1D190-S10-140-21,A1D190.S10.140.21,A1D190-S10,A1D190,140,21,4.07,0,,++R,2,Y,NO
A1D190-S10-140-26,A1D190.S10.140.26,A1D190-S10,A1D190,140,26,5.02,2,,++R,2,Y,NO
A1D190-S10-140-30,A1D190.S10.140.30,A1D190-S10,A1D190,140,30,4,0,,NR,0,Y,NO
A1D190-S10-140-32,A1D190.S10.140.32,A1D190-S10,A1D190,140,32,5.01,2,,++R,2,Y,NO
A1D156-T4-143-6,A1D156.T4.143.6,A1D156-T4,A1D156,143,6,4.08,0,,+R,1,Y,NO
A1D37-T11-144-2,A1D37.T11.144.2,A1D37-T11,A1D37,144,2,3.05,0,,++R,2,Y,NO
A1D37-T11-144-4,A1D37.T11.144.4,A1D37-T11,A1D37,144,4,Late flowering,Late flowering,,++R,2,Y,NO
A1D37-T11-144-7,A1D37.T11.144.7,A1D37-T11,A1D37,144,7,7.02,0,,++R,2,Y,NO
A1D37-T11-144-10,A1D37.T11.144.10,A1D37-T11,A1D37,144,10,5.04,0,,BT,0.5,Y,NO
A1D37-T11-144-16,A1D37.T11.144.16,A1D37-T11,A1D37,144,16,Late flowering,Late flowering,,BT,0.5,Y,NO
A1D37-T11-144-20,A1D37.T11.144.20,A1D37-T11,A1D37,144,20,Late flowering,Late flowering,,NR,0,Y,NO
A1D179-S7-146-4,A1D179.S7.146.4,A1D179-S7,A1D179,146,4,6.1,3,,+R,1,Y,NO
A1D1-AA6-R1-S4-149-1,A1D1.AA6.R1.S4.149.1,A1D1-AA6-R1-S4,A1D1-AA6,149,1,5.02,6,,+R,1,Y,NO
A1D1-AA6-R1-S4-149-3,A1D1.AA6.R1.S4.149.3,A1D1-AA6-R1-S4,A1D1-AA6,149,3,7.05,2,,++R,2,Y,NO
A1D1-AA6-R1-S4-149-6,A1D1.AA6.R1.S4.149.6,A1D1-AA6-R1-S4,A1D1-AA6,149,6,4.02,1,,+R,1,Y,NO
A1D1-AA6-R1-S4-149-10,A1D1.AA6.R1.S4.149.10,A1D1-AA6-R1-S4,A1D1-AA6,149,10,4,0,,BT,0.5,Y,NO
A1D1-AA6-R1-S4-149-11,A1D1.AA6.R1.S4.149.11,A1D1-AA6-R1-S4,A1D1-AA6,149,11,7.01,3,,++R,2,Y,NO
A1D119-S6-150-1,A1D119.S6.150.1,A1D119-S6,A1D119,150,1,5,1,,++R,2,Y,NO
A1D119-S6-150-2,A1D119.S6.150.2,A1D119-S6,A1D119,150,2,2.05,0,,BT,0.5,Y,NO
A1D119-S6-150-18,A1D119.S6.150.18,A1D119-S6,A1D119,150,18,5.1,3,,++R,2,Y,NO
A1D119-S6-150-20,A1D119.S6.150.20,A1D119-S6,A1D119,150,20,5,2,,+R,1,Y,NO
A1D119-S6-150-22,A1D119.S6.150.22,A1D119-S6,A1D119,150,22,4.02,2,,+R,1,Y,NO
A1D119-S6-150-24,A1D119.S6.150.24,A1D119-S6,A1D119,150,24,4.04,1,,BT,0.5,Y,NO
A1D119-S6-150-27,A1D119.S6.150.27,A1D119-S6,A1D119,150,27,3.05,2,,++R,2,Y,NO
A1D165-S1-151-5,A1D165.S1.151.5,A1D165-S1,A1D165,151,5,3,2,,++R,2,Y,NO
A1D165-S1-151-9,A1D165.S1.151.9,A1D165-S1,A1D165,151,9,4.08,4,,++R,2,Y,NO
A1D220-S6-152-1,A1D220.S6.152.1,A1D220-S6,A1D220,152,1,4.08,0,,+R,1,Y,NO
A1D220-S6-152-22,A1D220.S6.152.22,A1D220-S6,A1D220,152,22,5,0,,++R,2,Y,NO
A1D1-AA6-R1-S1-154-7,A1D1.AA6.R1.S1.154.7,A1D1-AA6-R1-S1,A1D1-AA6,154,7,4.1,0,,NR,0,Y,NO
A1D1-AA6-R1-S1-154-12,A1D1.AA6.R1.S1.154.12,A1D1-AA6-R1-S1,A1D1-AA6,154,12,6.07,2,,++R,2,Y,NO
A1D1-AA6-R1-S1-154-15,A1D1.AA6.R1.S1.154.15,A1D1-AA6-R1-S1,A1D1-AA6,154,15,4,1,,++R,2,Y,NO
A1D220-S8-155-3,A1D220.S8.155.3,A1D220-S8,A1D220,155,3,4,3,,++R,2,Y,NO
A1D220-S8-155-5,A1D220.S8.155.5,A1D220-S8,A1D220,155,5,3.05,4,,++R,2,Y,NO
A1D220-S8-155-9,A1D220.S8.155.9,A1D220-S8,A1D220,155,9,6.04,5,,++R,2,Y,NO
A1D220-S8-155-11,A1D220.S8.155.11,A1D220-S8,A1D220,155,11,4.08,2,,+R,1,Y,NO
A1D119-S1-157-4,A1D119.S1.157.4,A1D119-S1,A1D119,157,4,5.1,2,,+R,1,Y,NO
A1D119-S1-157-5,A1D119.S1.157.5,A1D119-S1,A1D119,157,5,3,1,,NR,0,Y,NO
A1D119-S1-157-7,A1D119.S1.157.7,A1D119-S1,A1D119,157,7,7,2,,BT,0.5,Y,NO
A1D119-S1-157-9,A1D119.S1.157.9,A1D119-S1,A1D119,157,9,4.02,2,,+R,1,Y,NO
A1D119-S1-157-10,A1D119.S1.157.10,A1D119-S1,A1D119,157,10,3.05,3,,++R,2,Y,Yes
A1D119-S1-157-11,A1D119.S1.157.11,A1D119-S1,A1D119,157,11,4,2,,+R,1,Y,NO
A1D156-S3-158-2,A1D156.S3.158.2,A1D156-S3,A1D156,158,2,3.05,0,,+R,1,Y,NO
A1D156-S3-158-3,A1D156.S3.158.3,A1D156-S3,A1D156,158,3,4.07,1,,+R,1,Y,NO
A1D156-S3-158-4,A1D156.S3.158.4,A1D156-S3,A1D156,158,4,3.05,1,,+R,1,Y,NO
A1D156-S3-158-7,A1D156.S3.158.7,A1D156-S3,A1D156,158,7,3,1,,+R,1,Y,NO
A1D156-S3-158-11,A1D156.S3.158.11,A1D156-S3,A1D156,158,11,4,1,,+R,1,Y,NO
A1D156-S3-158-17,A1D156.S3.158.17,A1D156-S3,A1D156,158,17,4.11,2,,++R,2,Y,NO
A1D190-S8-159-7,A1D190.S8.159.7,A1D190-S8,A1D190,159,7,4.08,1,,BT,0.5,Y,NO
A1D190-S8-159-9,A1D190.S8.159.9,A1D190-S8,A1D190,159,9,5.1,2,,+R,1,Y,NO
A1D190-S8-159-14,A1D190.S8.159.14,A1D190-S8,A1D190,159,14,6.04,2,,BT,0.5,Y,NO
A1D190-S8-159-21,A1D190.S8.159.21,A1D190-S8,A1D190,159,21,4,0,,++R,2,Y,NO
A1D190-S8-159-24,A1D190.S8.159.24,A1D190-S8,A1D190,159,24,4,1,,+R,1,Y,NO
A1D190-S8-159-31,A1D190.S8.159.31,A1D190-S8,A1D190,159,31,5,3,,++R,2,Y,NO
A1D165-S4-160-1,A1D165.S4.160.1,A1D165-S4,A1D165,160,1,Late flowering,Late flowering,,+++R,3,Y,Yes
A1D165-S4-160-2,A1D165.S4.160.2,A1D165-S4,A1D165,160,2,1.05,0,,NR,0,Y,NO
A1D165-S4-160-3,A1D165.S4.160.3,A1D165-S4,A1D165,160,3,2.05,2,,BT,0.5,Y,NO
A1D165-S4-160-8,A1D165.S4.160.8,A1D165-S4,A1D165,160,8,2,3,,NR,0,Y,NO
A1D165-S4-160-11,A1D165.S4.160.11,A1D165-S4,A1D165,160,11,4,0,,+++R,3,Y,NO
A1D165-S4-160-18,A1D165.S4.160.18,A1D165-S4,A1D165,160,18,2,0,,BT,0.5,Y,NO
A1D190-S11-161-1,A1D190.S11.161.1,A1D190-S11,A1D190,161,1,2.05,0,,BT,0.5,Y,NO
A1D190-S11-161-6,A1D190.S11.161.6,A1D190-S11,A1D190,161,6,2.05,0,,BT,0.5,Y,NO
A1D190-S11-161-8,A1D190.S11.161.8,A1D190-S11,A1D190,161,8,Late flowering,Late flowering,,BT,0.5,Y,NO
A1D281-T1-162-5,A1D281.T1.162.5,A1D281-T1,A1D281,162,5,5.03,0,,++R,2,Y,NO
A1D37-S2-164-3,A1D37.S2.164.3,A1D37-S2,A1D37,164,3,4,2,,+R,1,Y,NO
A1D1-D4-S2-165-5,A1D1.D4.S2.165.5,A1D1-D4-S2,A1D1-D4,165,5,2,3,,+R,1,Y,NO
A1D1-D4-S2-165-8,A1D1.D4.S2.165.8,A1D1-D4-S2,A1D1-D4,165,8,2.05,2,,BT,0.5,Y,NO
A1D1-D4-S2-165-9,A1D1.D4.S2.165.9,A1D1-D4-S2,A1D1-D4,165,9,4.11,3,,++R,2,Y,NO
A1D1-D4-S2-165-11,A1D1.D4.S2.165.11,A1D1-D4-S2,A1D1-D4,165,11,2.05,1,,BT,0.5,Y,NO
A1D160-T1-166-2,A1D160.T1.166.2,A1D160-T1,A1D160,166,2,3.05,0,,+++R,3,Y,Yes
A1D160-T1-166-4,A1D160.T1.166.4,A1D160-T1,A1D160,166,4,3.05,2,,NR,0,Y,Yes
A1D160-T1-166-5,A1D160.T1.166.5,A1D160-T1,A1D160,166,5,4.08,2,,+R,1,Y,Yes
A1D160-T1-166-12,A1D160.T1.166.12,A1D160-T1,A1D160,166,12,4.07,3,,+R,1,Y,NO
A1D109-T8-T26-T27-168-1,A1D109.T8.T26.T27.168.1,A1D109-T8-T26-T27,A1D109,168,1,4.08,0,,++R,2,Y,NO
A1D109-T8-T26-T27-168-2,A1D109.T8.T26.T27.168.2,A1D109-T8-T26-T27,A1D109,168,2,5.03,0,,BT,0.5,Y,NO
A1D109-T8-T26-T27-168-3,A1D109.T8.T26.T27.168.3,A1D109-T8-T26-T27,A1D109,168,3,7.01,0,,BT,0.5,Y,NO
A1D109-T8-T26-T27-168-4,A1D109.T8.T26.T27.168.4,A1D109-T8-T26-T27,A1D109,168,4,4.11,0,,NR,0,Y,NO
A1D109-T8-T26-T27-168-5,A1D109.T8.T26.T27.168.5,A1D109-T8-T26-T27,A1D109,168,5,6.05,3,,NR,0,Y,NO
A1D109-T8-T26-T27-168-6,A1D109.T8.T26.T27.168.6,A1D109-T8-T26-T27,A1D109,168,6,5.04,0,,NR,0,Y,NO
A1D109-T8-T26-T27-168-8,A1D109.T8.T26.T27.168.8,A1D109-T8-T26-T27,A1D109,168,8,2.05,0,,NR,0,Y,NO
A1D109-T8-T26-T27-168-9,A1D109.T8.T26.T27.168.9,A1D109-T8-T26-T27,A1D109,168,9,5.04,0,,++R,2,Y,NO
A1D109-T8-T26-T27-168-10,A1D109.T8.T26.T27.168.10,A1D109-T8-T26-T27,A1D109,168,10,3.02,0,,NR,0,Y,NO
A1D109-T8-T26-T27-168-11,A1D109.T8.T26.T27.168.11,A1D109-T8-T26-T27,A1D109,168,11,7,0,,+R,1,Y,NO
A1D109-T8-T26-T27-168-12,A1D109.T8.T26.T27.168.12,A1D109-T8-T26-T27,A1D109,168,12,4.11,3,,+R,1,Y,NO
A1D109-T8-T26-T27-168-13,A1D109.T8.T26.T27.168.13,A1D109-T8-T26-T27,A1D109,168,13,3.05,2,,NR,0,Y,NO
A1D109-T8-T26-T27-168-14,A1D109.T8.T26.T27.168.14,A1D109-T8-T26-T27,A1D109,168,14,Late flowering,Late flowering,,BT,0.5,Y,NO
A1D109-T8-T26-T27-168-15,A1D109.T8.T26.T27.168.15,A1D109-T8-T26-T27,A1D109,168,15,5.01,3,,NR,0,Y,NO
A1D109-T8-T26-T27-168-16,A1D109.T8.T26.T27.168.16,A1D109-T8-T26-T27,A1D109,168,16,2,1,,++R,2,Y,NO
A1D109-T8-T26-T27-168-17,A1D109.T8.T26.T27.168.17,A1D109-T8-T26-T27,A1D109,168,17,4.08,1,,NR,0,Y,NO
A1D109-T8-T26-T27-168-18,A1D109.T8.T26.T27.168.18,A1D109-T8-T26-T27,A1D109,168,18,4,0,,NR,0,Y,NO
A1D109-T8-T26-T27-168-19,A1D109.T8.T26.T27.168.19,A1D109-T8-T26-T27,A1D109,168,19,5.01,2,,NR,0,Y,NO
A1D109-T8-T26-T27-168-20,A1D109.T8.T26.T27.168.20,A1D109-T8-T26-T27,A1D109,168,20,4,2,,BT,0.5,Y,NO
A1D109-T8-T26-T27-168-21,A1D109.T8.T26.T27.168.21,A1D109-T8-T26-T27,A1D109,168,21,Late flowering,Late flowering,,NR,0,Y,NO
A1D1-D4-R1-S1-170-1,A1D1.D4.R1.S1.170.1,A1D1-D4-R1-S1,A1D1-D4,170,1,5.05,0,,++R,2,Y,NO
A1D1-D4-R1-S1-170-6,A1D1.D4.R1.S1.170.6,A1D1-D4-R1-S1,A1D1-D4,170,6,3,0,,BT,0.5,Y,NO
A1D1-D4-R1-S1-170-8,A1D1.D4.R1.S1.170.8,A1D1-D4-R1-S1,A1D1-D4,170,8,3,0,,+R,1,Y,Yes
A1D220-S3-171-5,A1D220.S3.171.5,A1D220-S3,A1D220,171,5,3.05,1,,+R,1,Y,NO
A1D220-S3-171-8,A1D220.S3.171.8,A1D220-S3,A1D220,171,8,2.05,0,,NR,0,Y,Yes
A1D220-S3-171-14,A1D220.S3.171.14,A1D220-S3,A1D220,171,14,4.02,2,,+R,1,Y,NO
A1D220-S3-171-19,A1D220.S3.171.19,A1D220-S3,A1D220,171,19,3.05,1,,++R,2,Y,NO
A1D220-S1-172-1,A1D220.S1.172.1,A1D220-S1,A1D220,172,1,7.05,0,,+R,1,Y,NO
A1D220-S1-172-12,A1D220.S1.172.12,A1D220-S1,A1D220,172,12,4.08,4,,+R,1,Y,NO
A1D185-S1-173-3,A1D185.S1.173.3,A1D185-S1,A1D185,173,3,6.03,0,,BT,0.5,Y,NO
A1D185-S1-173-8,A1D185.S1.173.8,A1D185-S1,A1D185,173,8,3.05,0,,BT,0.5,Y,NO
A1D185-S1-173-9,A1D185.S1.173.9,A1D185-S1,A1D185,173,9,7.03,2,,+R,1,Y,NO
A1D185-S1-173-11,A1D185.S1.173.11,A1D185-S1,A1D185,173,11,5.07,1,,NR,0,Y,NO
A1D220-T23-174-1,A1D220.T23.174.1,A1D220-T23,A1D220,174,1,5.06,0,,++R,2,Y,NO
A1D220-T23-174-13,A1D220.T23.174.13,A1D220-T23,A1D220,174,13,4.02,2,,+R,1,Y,NO
A1D220-T23-174-21,A1D220.T23.174.21,A1D220-T23,A1D220,174,21,4,2,,++R,2,Y,NO
A1D220-T23-174-25,A1D220.T23.174.25,A1D220-T23,A1D220,174,25,8.07,0,,+R,1,Y,NO
A1D220-T23-174-29,A1D220.T23.174.29,A1D220-T23,A1D220,174,29,Late flowering,Late flowering,,+R,1,Y,NO
A1D183-S1-175-1,A1D183.S1.175.1,A1D183-S1,A1D183,175,1,Late flowering,Late flowering,,+++R,3,Y,NO
A1D183-S1-175-4,A1D183.S1.175.4,A1D183-S1,A1D183,175,4,9.04,0,,++R,2,Y,NO
A1D183-S1-175-11,A1D183.S1.175.11,A1D183-S1,A1D183,175,11,7.08,0,,+R,1,Y,NO
A1D183-S1-175-14,A1D183.S1.175.14,A1D183-S1,A1D183,175,14,8.09,0,,+R,1,Y,NO
A1D183-S1-175-16,A1D183.S1.175.16,A1D183-S1,A1D183,175,16,4.06,0,,+R,1,Y,NO
A1D183-S1-175-19,A1D183.S1.175.19,A1D183-S1,A1D183,175,19,9.01,0,,++R,2,Y,NO
A1D183-S1-175-20,A1D183.S1.175.20,A1D183-S1,A1D183,175,20,7.11,3,,++R,2,Y,NO
A1D183-S1-175-21,A1D183.S1.175.21,A1D183-S1,A1D183,175,21,7.03,0,,BT,0.5,Y,NO
A1D183-S1-175-23,A1D183.S1.175.23,A1D183-S1,A1D183,175,23,Late flowering,Late flowering,,++R,2,Y,NO
A1D80-S2-176-8,A1D80.S2.176.8,A1D80-S2,A1D80,176,8,3.05,2,,++R,2,Y,NO
A1D80-S2-176-9,A1D80.S2.176.9,A1D80-S2,A1D80,176,9,4.06,2,,+R,1,Y,NO
A1D80-S2-176-23,A1D80.S2.176.23,A1D80-S2,A1D80,176,23,4.08,2,,BT,0.5,Y,NO
A1D80-S2-176-25,A1D80.S2.176.25,A1D80-S2,A1D80,176,25,5.03,2,,NR,0,Y,NO
A1D142-S2-178-1,A1D142.S2.178.1,A1D142-S2,A1D142,178,1,5.03,5,,++R,2,Y,NO
A1D142-S2-178-3,A1D142.S2.178.3,A1D142-S2,A1D142,178,3,4.1,1,,BT,0.5,Y,NO
A1D142-S2-178-6,A1D142.S2.178.6,A1D142-S2,A1D142,178,6,4.03,2,,++R,2,Y,NO
A1D142-S2-178-12,A1D142.S2.178.12,A1D142-S2,A1D142,178,12,6.01,0,,++R,2,Y,NO
A1D142-S2-178-17,A1D142.S2.178.17,A1D142-S2,A1D142,178,17,Late flowering,Late flowering,,++R,2,Y,NO
A1D132-S2-180-1,A1D132.S2.180.1,A1D132-S2,A1D132,180,1,4,2,,++R,2,Y,NO
A1D132-S2-180-3,A1D132.S2.180.3,A1D132-S2,A1D132,180,3,7.03,3,,++R,2,Y,NO
A1D132-S2-180-11,A1D132.S2.180.11,A1D132-S2,A1D132,180,11,5.04,3,,++R,2,Y,Yes
A1D132-S2-180-12,A1D132.S2.180.12,A1D132-S2,A1D132,180,12,Late flowering,Late flowering,,BT,0.5,Y,NO
A1D156-T32a-181-2,A1D156.T32a.181.2,A1D156-T32a,A1D156,181,2,3,1,,NR,0,Y,NO
A1D156-T32a-181-4,A1D156.T32a.181.4,A1D156-T32a,A1D156,181,4,3.05,2,,+R,1,Y,NO
A1D156-T32a-181-5,A1D156.T32a.181.5,A1D156-T32a,A1D156,181,5,2,0,,NR,0,Y,NO
A1D156-T32a-181-6,A1D156.T32a.181.6,A1D156-T32a,A1D156,181,6,3,2,,+R,1,Y,NO
A1D156-T32a-181-11,A1D156.T32a.181.11,A1D156-T32a,A1D156,181,11,3.05,0,,NR,0,Y,NO
A1D156-T32a-181-12,A1D156.T32a.181.12,A1D156-T32a,A1D156,181,12,3,1,,NR,0,Y,NO
A1D156-T32a-181-13,A1D156.T32a.181.13,A1D156-T32a,A1D156,181,13,3,0,,NR,0,Y,Yes
A1D156-T32a-181-17,A1D156.T32a.181.17,A1D156-T32a,A1D156,181,17,5.03,2,,NR,0,Y,NO
A1D156-T32a-181-24,A1D156.T32a.181.24,A1D156-T32a,A1D156,181,24,3,1,,NR,0,Y,NO
A1D156-T32a-181-31,A1D156.T32a.181.31,A1D156-T32a,A1D156,181,31,3.05,1,,++R,2,Y,NO
A1D156-T32a-181-37,A1D156.T32a.181.37,A1D156-T32a,A1D156,181,37,5,0,,++R,2,Y,NO
A1D156-T32a-181-38,A1D156.T32a.181.38,A1D156-T32a,A1D156,181,38,3.05,1,,+R,1,Y,NO
A1D156-T32a-181-39,A1D156.T32a.181.39,A1D156-T32a,A1D156,181,39,2.05,1,,NR,0,Y,NO
A1D156-T32a-181-45,A1D156.T32a.181.45,A1D156-T32a,A1D156,181,45,4.06,1,,++R,2,Y,NO
A1D160-T4-182-6,A1D160.T4.182.6,A1D160-T4,A1D160,182,6,4,0,,+R,1,Y,NO
A1D160-T4-182-13,A1D160.T4.182.13,A1D160-T4,A1D160,182,13,2,2,,+R,1,Y,NO
A1D160-T4-182-21,A1D160.T4.182.21,A1D160-T4,A1D160,182,21,4.07,1,,++R,2,Y,NO
A1D160-T4-182-26,A1D160.T4.182.26,A1D160-T4,A1D160,182,26,5.03,4,,+R,1,Y,NO
A1D160-T4-182-28,A1D160.T4.182.28,A1D160-T4,A1D160,182,28,2.05,2,,NR,0,Y,NO
A1D160-T4-182-33,A1D160.T4.182.33,A1D160-T4,A1D160,182,33,2,0,,BT,0.5,Y,NO
A1D37-T32-183-1,A1D37.T32.183.1,A1D37-T32,A1D37,183,1,Late flowering,Late flowering,,+R,1,Y,NO
A1D37-T32-183-4,A1D37.T32.183.4,A1D37-T32,A1D37,183,4,Late flowering,Late flowering,,++R,2,Y,NO
A1D37-T32-183-6,A1D37.T32.183.6,A1D37-T32,A1D37,183,6,9.11,1,,++R,2,Y,Yes
A1D37-T32-183-17,A1D37.T32.183.17,A1D37-T32,A1D37,183,17,5.07,3,,+R,1,Y,NO
A1D179-S5-184-1,A1D179.S5.184.1,A1D179-S5,A1D179,184,1,5.08,4,,+++R,3,Y,NO
A1D185-S2-185-1,A1D185.S2.185.1,A1D185-S2,A1D185,185,1,4.09,2,,++R,2,Y,NO
A1D185-S2-185-2,A1D185.S2.185.2,A1D185-S2,A1D185,185,2,Late flowering,Late flowering,,+R,1,Y,NO
A1D185-S2-185-10,A1D185.S2.185.10,A1D185-S2,A1D185,185,10,Late flowering,Late flowering,,BT,0.5,Y,NO
A1D185-S2-185-18,A1D185.S2.185.18,A1D185-S2,A1D185,185,18,7.02,4,,BT,0.5,Y,NO
A1D185-S2-185-19,A1D185.S2.185.19,A1D185-S2,A1D185,185,19,4.05,2,,+R,1,Y,NO
A1D185-S2-185-28,A1D185.S2.185.28,A1D185-S2,A1D185,185,28,4,1,,NR,0,Y,NO
A1D185-S2-185-31,A1D185.S2.185.31,A1D185-S2,A1D185,185,31,6.02,0,,++R,2,Y,NO
A1D185-S2-185-37,A1D185.S2.185.37,A1D185-S2,A1D185,185,37,Late flowering,Late flowering,,+R,1,Y,NO
A1D1-AA6-R1-S6-186-5,A1D1.AA6.R1.S6.186.5,A1D1-AA6-R1-S6,A1D1-AA6,186,5,4.11,2,,NR,0,Y,NO
A1D1-AA6-R1-S6-186-11,A1D1.AA6.R1.S6.186.11,A1D1-AA6-R1-S6,A1D1-AA6,186,11,4.1,2,,NR,0,Y,NO
A1D1-AA6-R1-S6-186-18,A1D1.AA6.R1.S6.186.18,A1D1-AA6-R1-S6,A1D1-AA6,186,18,5.1,2,,++R,2,Y,NO
A1D1-AA6-R1-S6-186-19,A1D1.AA6.R1.S6.186.19,A1D1-AA6-R1-S6,A1D1-AA6,186,19,4,4,,++R,2,Y,NO
A1D1-AA6-R1-S6-186-26,A1D1.AA6.R1.S6.186.26,A1D1-AA6-R1-S6,A1D1-AA6,186,26,5,3,,NR,0,Y,NO
A1D1-AA6-R1-S6-186-31,A1D1.AA6.R1.S6.186.31,A1D1-AA6-R1-S6,A1D1-AA6,186,31,5.02,2,,+R,1,Y,NO
A1D1-AA6-R1-S6-186-35,A1D1.AA6.R1.S6.186.35,A1D1-AA6-R1-S6,A1D1-AA6,186,35,5.03,2,,BT,0.5,Y,NO
A1D119-S6-187-3,A1D119.S6.187.3,A1D119-S6,A1D119,187,3,7.11,0,,++R,2,Y,NO
A1D119-S6-187-5,A1D119.S6.187.5,A1D119-S6,A1D119,187,5,4,2,,NR,0,Y,NO
A1D119-S6-187-14,A1D119.S6.187.14,A1D119-S6,A1D119,187,14,4.03,2,,BT,0.5,Y,NO
A1D119-S6-187-26,A1D119.S6.187.26,A1D119-S6,A1D119,187,26,5,2,,++R,2,Y,NO
A1D119-S6-187-29,A1D119.S6.187.29,A1D119-S6,A1D119,187,29,4,1,,BT,0.5,Y,NO
A1D119-S6-187-32,A1D119.S6.187.32,A1D119-S6,A1D119,187,32,3.05,2,,BT,0.5,Y,NO
A1D119-S7-188-1,A1D119.S7.188.1,A1D119-S7,A1D119,188,1,5.02,0,,BT,0.5,Y,NO
A1D119-S7-188-7,A1D119.S7.188.7,A1D119-S7,A1D119,188,7,4.1,1,,+R,1,Y,NO
A1D119-S7-188-13,A1D119.S7.188.13,A1D119-S7,A1D119,188,13,4.1,3,,+R,1,Y,NO
A1D119-S7-188-24,A1D119.S7.188.24,A1D119-S7,A1D119,188,24,5.03,2,,++R,2,Y,NO
A1D220-T15-189-1,A1D220.T15.189.1,A1D220-T15,A1D220,189,1,7.03,0,,++R,2,Y,NO
A1D142-S1-190-2,A1D142.S1.190.2,A1D142-S1,A1D142,190,2,6,0,,NR,0,Y,NO
A1D142-S1-190-11,A1D142.S1.190.11,A1D142-S1,A1D142,190,11,5.08,2,,+R,1,Y,NO
A1D142-S1-190-14,A1D142.S1.190.14,A1D142-S1,A1D142,190,14,6.06,0,,NR,0,Y,NO
A1D142-S1-190-24,A1D142.S1.190.24,A1D142-S1,A1D142,190,24,5.08,2,,+R,1,Y,NO
A1D1-AA6-R1-S7-191-2,A1D1.AA6.R1.S7.191.2,A1D1-AA6-R1-S7,A1D1-AA6,191,2,4,0,,NR,0,Y,NO
A1D1-AA6-R1-S7-191-4,A1D1.AA6.R1.S7.191.4,A1D1-AA6-R1-S7,A1D1-AA6,191,4,4.08,2,,NR,0,Y,NO
A1D1-AA6-R1-S7-191-9,A1D1.AA6.R1.S7.191.9,A1D1-AA6-R1-S7,A1D1-AA6,191,9,5,0,,NR,0,Y,NO
A1D1-AA6-R1-S7-191-28,A1D1.AA6.R1.S7.191.28,A1D1-AA6-R1-S7,A1D1-AA6,191,28,4.05,2,,BT,0.5,Y,NO
A1D1-AA6-R1-S7-191-31,A1D1.AA6.R1.S7.191.31,A1D1-AA6-R1-S7,A1D1-AA6,191,31,4.05,3,,+R,1,Y,NO
A1D1-AA6-R1-S7-191-36,A1D1.AA6.R1.S7.191.36,A1D1-AA6-R1-S7,A1D1-AA6,191,36,5.08,3,,BT,0.5,Y,NO
A1D1-AA6-R1-S7-191-37,A1D1.AA6.R1.S7.191.37,A1D1-AA6-R1-S7,A1D1-AA6,191,37,5.06,4,,+R,1,Y,NO
A1D1-AA6-R1-S7-191-38,A1D1.AA6.R1.S7.191.38,A1D1-AA6-R1-S7,A1D1-AA6,191,38,4.07,2,,BT,0.5,Y,NO
A1D1-AA6-R1-S7-191-40,A1D1.AA6.R1.S7.191.40,A1D1-AA6-R1-S7,A1D1-AA6,191,40,4.08,5,,+R,1,Y,NO
A1D1-AA6-R1-S7-191-44,A1D1.AA6.R1.S7.191.44,A1D1-AA6-R1-S7,A1D1-AA6,191,44,3.05,2,,BT,0.5,Y,NO
A1D220-S7-192-12,A1D220.S7.192.12,A1D220-S7,A1D220,192,12,6.01,2,,++R,2,Y,NO
A1D220-S7-192-17,A1D220.S7.192.17,A1D220-S7,A1D220,192,17,6.02,2,,++R,2,Y,NO
A1D119-S3-193-1,A1D119.S3.193.1,A1D119-S3,A1D119,193,1,3.05,4,,+++R,3,Y,NO
A1D119-S3-193-4,A1D119.S3.193.4,A1D119-S3,A1D119,193,4,5.09,3,,++R,2,Y,NO
A1D119-S3-193-9,A1D119.S3.193.9,A1D119-S3,A1D119,193,9,4.11,3,,NR,0,Y,NO
A1D119-S3-193-16,A1D119.S3.193.16,A1D119-S3,A1D119,193,16,4,4,,BT,0.5,Y,NO
A1D119-S3-193-18,A1D119.S3.193.18,A1D119-S3,A1D119,193,18,6.05,3,,++R,2,Y,NO
A1D119-S3-193-24,A1D119.S3.193.24,A1D119-S3,A1D119,193,24,4.09,2,,+R,1,Y,NO
A1D119-S3-193-30,A1D119.S3.193.30,A1D119-S3,A1D119,193,30,3.05,2,,+R,1,Y,NO
A1D185-T9-195-7,A1D185.T9.195.7,A1D185-T9,A1D185,195,7,2,0,,BT,0.5,Y,NO
A1D185-T9-195-10,A1D185.T9.195.10,A1D185-T9,A1D185,195,10,6.01,3,,++R,2,Y,NO
A1D185-T9-195-15,A1D185.T9.195.15,A1D185-T9,A1D185,195,15,Late flowering,Late flowering,,BT,0.5,Y,NO
A1D185-T9-195-21,A1D185.T9.195.21,A1D185-T9,A1D185,195,21,6.02,3,,++R,2,Y,NO
A1D185-T9-195-28,A1D185.T9.195.28,A1D185-T9,A1D185,195,28,6.02,1,,BT,0.5,Y,NO
A1D185-T9-195-29,A1D185.T9.195.29,A1D185-T9,A1D185,195,29,6.02,0,,BT,0.5,Y,NO
A1D211-S1-197-2,A1D211.S1.197.2,A1D211-S1,A1D211,197,2,6.11,7,,++R,2,Y,NO
A1D211-S1-197-7,A1D211.S1.197.7,A1D211-S1,A1D211,197,7,5.03,2,,NR,0,Y,NO
A1D211-S1-197-11,A1D211.S1.197.11,A1D211-S1,A1D211,197,11,7.03,1,,NR,0,Y,NO
A1D211-S1-197-14,A1D211.S1.197.14,A1D211-S1,A1D211,197,14,5.05,0,,+R,1,Y,NO
A1D211-S1-197-20,A1D211.S1.197.20,A1D211-S1,A1D211,197,20,7.1,0,,++R,2,Y,NO
A1D211-S1-197-21,A1D211.S1.197.21,A1D211-S1,A1D211,197,21,5.04,0,,BT,0.5,Y,NO
A1D1-AA6-R1-S4-198-1,A1D1.AA6.R1.S4.198.1,A1D1-AA6-R1-S4,A1D1-AA6,198,1,8.02,0,,BT,0.5,Y,NO
A1D1-AA6-R1-S4-198-6,A1D1.AA6.R1.S4.198.6,A1D1-AA6-R1-S4,A1D1-AA6,198,6,4.11,1,,++R,2,Y,NO
A1D1-AA6-R1-S4-198-8,A1D1.AA6.R1.S4.198.8,A1D1-AA6-R1-S4,A1D1-AA6,198,8,6,2,,++R,2,Y,NO
A1D1-AA6-R1-S4-198-9,A1D1.AA6.R1.S4.198.9,A1D1-AA6-R1-S4,A1D1-AA6,198,9,4.08,3,,++R,2,Y,NO
A1D1-AA6-R1-S4-198-10,A1D1.AA6.R1.S4.198.10,A1D1-AA6-R1-S4,A1D1-AA6,198,10,4.08,2,,+R,1,Y,NO
A1D1-AA6-R1-S4-198-11,A1D1.AA6.R1.S4.198.11,A1D1-AA6-R1-S4,A1D1-AA6,198,11,7.01,3,,++R,2,Y,Yes
A1D1-AA6-R1-S4-198-12,A1D1.AA6.R1.S4.198.12,A1D1-AA6-R1-S4,A1D1-AA6,198,12,5.07,3,,++R,2,Y,NO
A1D1-AA6-R1-S4-198-20,A1D1.AA6.R1.S4.198.20,A1D1-AA6-R1-S4,A1D1-AA6,198,20,5.09,1,,++R,2,Y,NO
A1D119-S7-199-2,A1D119.S7.199.2,A1D119-S7,A1D119,199,2,6.05,4,,++R,2,Y,NO
A1D119-S7-199-10,A1D119.S7.199.10,A1D119-S7,A1D119,199,10,4.03,2,,BT,0.5,Y,NO
A1D119-S7-199-13,A1D119.S7.199.13,A1D119-S7,A1D119,199,13,5.04,0,,NR,0,Y,NO
A1D156-S1-200-2,A1D156.S1.200.2,A1D156-S1,A1D156,200,2,3.05,0,,NR,0,Y,NO
A1D156-S1-200-5,A1D156.S1.200.5,A1D156-S1,A1D156,200,5,5.1,0,,++R,2,Y,NO
A1D156-S1-200-6,A1D156.S1.200.6,A1D156-S1,A1D156,200,6,6,4,,++R,2,Y,NO
A1D156-S1-200-11,A1D156.S1.200.11,A1D156-S1,A1D156,200,11,5.03,2,,++R,2,Y,NO
A1D156-S1-200-16,A1D156.S1.200.16,A1D156-S1,A1D156,200,16,3.05,0,,+++R,3,Y,NO
A1D156-S1-200-23,A1D156.S1.200.23,A1D156-S1,A1D156,200,23,6.04,2,,+R,1,Y,NO
A1D190-S14-201-1,A1D190.S14.201.1,A1D190-S14,A1D190,201,1,2.05,0,,BT,0.5,Y,NO
A1D190-S14-201-2,A1D190.S14.201.2,A1D190-S14,A1D190,201,2,2,0,,NR,0,Y,NO
A1D190-S14-201-5,A1D190.S14.201.5,A1D190-S14,A1D190,201,5,2.05,0,,NR,0,Y,NO
A1D190-S14-201-6,A1D190.S14.201.6,A1D190-S14,A1D190,201,6,4,1,,++R,2,Y,NO
A1D190-S14-201-8,A1D190.S14.201.8,A1D190-S14,A1D190,201,8,3,0,,NR,0,Y,NO
A1D190-S14-201-11,A1D190.S14.201.11,A1D190-S14,A1D190,201,11,4,0,,NR,0,Y,NO
A1D190-S14-201-15,A1D190.S14.201.15,A1D190-S14,A1D190,201,15,3.05,1,,+R,1,Y,NO
A1D190-S14-201-18,A1D190.S14.201.18,A1D190-S14,A1D190,201,18,2.05,2,,NR,0,Y,NO
A1D1-AA6-R1-S5-202-8,A1D1.AA6.R1.S5.202.8,A1D1-AA6-R1-S5,A1D1-AA6,202,8,4.11,1,,BT,0.5,Y,NO
A1D1-AA6-R1-S5-202-13,A1D1.AA6.R1.S5.202.13,A1D1-AA6-R1-S5,A1D1-AA6,202,13,5.11,5,,++R,2,Y,NO
A1D165-S2-204-2,A1D165.S2.204.2,A1D165-S2,A1D165,204,2,2.05,1,,NR,0,Y,NO
A1D165-S2-204-8,A1D165.S2.204.8,A1D165-S2,A1D165,204,8,3,2,,BT,0.5,Y,NO
A1D165-S2-204-10,A1D165.S2.204.10,A1D165-S2,A1D165,204,10,2.05,1,,+R,1,Y,NO
A1D165-S2-204-14,A1D165.S2.204.14,A1D165-S2,A1D165,204,14,2.05,0,,++R,2,Y,NO
A1D142-S4-205-1,A1D142.S4.205.1,A1D142-S4,A1D142,205,1,3.05,2,,++R,2,Y,NO
A1D142-S4-205-7,A1D142.S4.205.7,A1D142-S4,A1D142,205,7,Late flowering,Late flowering,,+R,1,Y,NO
A1D142-S4-205-8,A1D142.S4.205.8,A1D142-S4,A1D142,205,8,5.04,1,,++R,2,Y,NO
A1D142-S4-205-12,A1D142.S4.205.12,A1D142-S4,A1D142,205,12,6.05,3,,BT,0.5,Y,NO
A1D142-S4-205-20,A1D142.S4.205.20,A1D142-S4,A1D142,205,20,3.05,0,,NR,0,Y,NO
A1D142-S4-205-22,A1D142.S4.205.22,A1D142-S4,A1D142,205,22,5.09,3,,++R,2,Y,NO
A1D142-S4-205-32,A1D142.S4.205.32,A1D142-S4,A1D142,205,32,5.05,1,,+R,1,Y,NO
A1D142-S4-205-38,A1D142.S4.205.38,A1D142-S4,A1D142,205,38,3,0,,BT,0.5,Y,NO
A1D142-S4-205-42,A1D142.S4.205.42,A1D142-S4,A1D142,205,42,6.07,3,,++R,2,Y,NO
A1D142-S4-205-49,A1D142.S4.205.49,A1D142-S4,A1D142,205,49,4,0,,NR,0,Y,NO
A1D220-T48-206-1,A1D220.T48.206.1,A1D220-T48,A1D220,206,1,2.05,1,,BT,0.5,Y,NO
A1D220-T48-206-5,A1D220.T48.206.5,A1D220-T48,A1D220,206,5,4,0,,NR,0,Y,NO
A1D220-T48-206-15,A1D220.T48.206.15,A1D220-T48,A1D220,206,15,3,2,,+R,1,Y,NO
A1D220-T48-206-25,A1D220.T48.206.25,A1D220-T48,A1D220,206,25,3.05,0,,BT,0.5,Y,NO
A1D220-T48-206-26,A1D220.T48.206.26,A1D220-T48,A1D220,206,26,3.05,1,,+R,1,Y,NO
A1D220-T48-206-29,A1D220.T48.206.29,A1D220-T48,A1D220,206,29,5.05,1,,BT,0.5,Y,NO
A1D220-T48-206-35,A1D220.T48.206.35,A1D220-T48,A1D220,206,35,4,1,,NR,0,Y,NO
A1D1-D4-S1-207-6,A1D1.D4.S1.207.6,A1D1-D4-S1,A1D1-D4,207,6,4.06,0,,+R,1,Y,NO
A1D1-D4-S1-207-9,A1D1.D4.S1.207.9,A1D1-D4-S1,A1D1-D4,207,9,4.09,0,,+R,1,Y,NO
A1D1-D4-S1-207-12,A1D1.D4.S1.207.12,A1D1-D4-S1,A1D1-D4,207,12,4,0,,+R,1,Y,NO
A1D1-D4-S1-207-14,A1D1.D4.S1.207.14,A1D1-D4-S1,A1D1-D4,207,14,5.08,2,,BT,0.5,Y,NO
A1D1-D4-S1-207-15,A1D1.D4.S1.207.15,A1D1-D4-S1,A1D1-D4,207,15,7.04,0,,NR,0,Y,NO
A1D1-D4-S1-207-19,A1D1.D4.S1.207.19,A1D1-D4-S1,A1D1-D4,207,19,7.11,0,,+R,1,Y,NO
A1D1-D4-S1-207-22,A1D1.D4.S1.207.22,A1D1-D4-S1,A1D1-D4,207,22,2.05,0,,+R,1,Y,NO
A1D1-D4-S1-207-30,A1D1.D4.S1.207.30,A1D1-D4-S1,A1D1-D4,207,30,4,0,,++R,2,Y,NO
A1D132-S1-208-1,A1D132.S1.208.1,A1D132-S1,A1D132,208,1,4,1,,+++R,3,Y,NO
A1D132-S1-208-4,A1D132.S1.208.4,A1D132-S1,A1D132,208,4,4.11,0,,NR,0,Y,NO
A1D132-S1-208-5,A1D132.S1.208.5,A1D132-S1,A1D132,208,5,3,2,,BT,0.5,Y,NO
A1D132-S1-208-9,A1D132.S1.208.9,A1D132-S1,A1D132,208,9,6.01,2,,NR,0,Y,NO
A1D132-S1-208-10,A1D132.S1.208.10,A1D132-S1,A1D132,208,10,4,3,,BT,0.5,Y,NO
A1D132-S1-208-25,A1D132.S1.208.25,A1D132-S1,A1D132,208,25,3.05,1,,+R,1,Y,NO
A1D132-S1-208-30,A1D132.S1.208.30,A1D132-S1,A1D132,208,30,3,1,,+R,1,Y,NO
A1D37-T2-209-2,A1D37.T2.209.2,A1D37-T2,A1D37,209,2,3.05,0,,BT,0.5,Y,NO
A1D37-T2-209-4,A1D37.T2.209.4,A1D37-T2,A1D37,209,4,7.03,2,,BT,0.5,Y,NO
A1D37-T2-209-6,A1D37.T2.209.6,A1D37-T2,A1D37,209,6,5.1,1,,+R,1,Y,NO
A1D37-T2-209-8,A1D37.T2.209.8,A1D37-T2,A1D37,209,8,7.01,0,,+R,1,Y,NO
A1D190-S13-210-7,A1D190.S13.210.7,A1D190-S13,A1D190,210,7,3.05,0,,+R,1,Y,NO
A1D190-S13-210-8,A1D190.S13.210.8,A1D190-S13,A1D190,210,8,5.02,2,,+R,1,Y,NO
A1D190-S13-210-9,A1D190.S13.210.9,A1D190-S13,A1D190,210,9,5.05,2,,+R,1,Y,Yes
A1D190-S13-210-34,A1D190.S13.210.34,A1D190-S13,A1D190,210,34,4,1,,NR,0,Y,NO
A1D190-S13-210-35,A1D190.S13.210.35,A1D190-S13,A1D190,210,35,4.08,2,,+R,1,Y,NO
A1D190-S13-210-41,A1D190.S13.210.41,A1D190-S13,A1D190,210,41,4.06,2,,++R,2,Y,NO
A1D190-S13-210-42,A1D190.S13.210.42,A1D190-S13,A1D190,210,42,5.02,0,,+R,1,Y,NO
A1D190-S13-210-45,A1D190.S13.210.45,A1D190-S13,A1D190,210,45,3,1,,NR,0,Y,NO
A1D170-S1-211-1,A1D170.S1.211.1,A1D170-S1,A1D170,211,1,2,2,,BT,0.5,Y,NO
A1D170-S1-211-2,A1D170.S1.211.2,A1D170-S1,A1D170,211,2,5.07,5,,++R,2,Y,NO
A1D170-S1-211-4,A1D170.S1.211.4,A1D170-S1,A1D170,211,4,5.05,1,,NR,0,Y,NO
A1D170-S1-211-7,A1D170.S1.211.7,A1D170-S1,A1D170,211,7,5.04,3,,BT,0.5,Y,NO
A1D170-S1-211-8,A1D170.S1.211.8,A1D170-S1,A1D170,211,8,Late flowering,Late flowering,,NR,0,Y,NO
A1D170-S1-211-11,A1D170.S1.211.11,A1D170-S1,A1D170,211,11,6.05,0,,++R,2,Y,Yes
A1D170-S1-211-15,A1D170.S1.211.15,A1D170-S1,A1D170,211,15,6.08,2,,+R,1,Y,NO
A1D170-S1-211-18,A1D170.S1.211.18,A1D170-S1,A1D170,211,18,6.02,3,,+R,1,Y,NO
A1D170-S1-211-19,A1D170.S1.211.19,A1D170-S1,A1D170,211,19,7.01,3,,+R,1,Y,NO
A1D170-S1-211-20,A1D170.S1.211.20,A1D170-S1,A1D170,211,20,6,3,,++R,2,Y,NO
A1D1-AA6-R1-S2-212-5,A1D1.AA6.R1.S2.212.5,A1D1-AA6-R1-S2,A1D1-AA6,212,5,8.04,2,,++R,2,Y,Yes
A1D1-AA6-R1-S2-212-12,A1D1.AA6.R1.S2.212.12,A1D1-AA6-R1-S2,A1D1-AA6,212,12,6.02,2,,BT,0.5,Y,NO
A1D1-AA6-R1-S2-212-16,A1D1.AA6.R1.S2.212.16,A1D1-AA6-R1-S2,A1D1-AA6,212,16,Late flowering,Late flowering,,++R,2,Y,NO
A1D1-AA6-R1-S2-212-20,A1D1.AA6.R1.S2.212.20,A1D1-AA6-R1-S2,A1D1-AA6,212,20,6,1,,NR,0,Y,NO
A1D1-AA6-R1-S2-212-23,A1D1.AA6.R1.S2.212.23,A1D1-AA6-R1-S2,A1D1-AA6,212,23,5,0,,NR,0,Y,NO
A1D220-S5-213-11,A1D220.S5.213.11,A1D220-S5,A1D220,213,11,4,3,,++R,2,Y,NO
A1D220-S5-213-13,A1D220.S5.213.13,A1D220-S5,A1D220,213,13,5.08,5,,+R,1,Y,NO
A1D220-S5-213-15,A1D220.S5.213.15,A1D220-S5,A1D220,213,15,6.03,4,,++R,2,Y,Yes
A1D220-S5-213-17,A1D220.S5.213.17,A1D220-S5,A1D220,213,17,Late flowering,Late flowering,,NR,0,Y,NO
A1D156-S2-215-3,A1D156.S2.215.3,A1D156-S2,A1D156,215,3,4,0,,BT,0.5,Y,NO
A1D156-S2-215-4,A1D156.S2.215.4,A1D156-S2,A1D156,215,4,5.1,1,,BT,0.5,Y,NO
A1D156-S2-215-14,A1D156.S2.215.14,A1D156-S2,A1D156,215,14,5.02,0,,BT,0.5,Y,NO
A1D156-S2-215-15,A1D156.S2.215.15,A1D156-S2,A1D156,215,15,4.08,1,,BT,0.5,Y,NO
A1D156-S2-215-19,A1D156.S2.215.19,A1D156-S2,A1D156,215,19,4.09,2,,+R,1,Y,NO
A1D156-S2-215-21,A1D156.S2.215.21,A1D156-S2,A1D156,215,21,6.06,2,,+R,1,Y,NO
A1D1-AA6-R1-S4-217-1,A1D1.AA6.R1.S4.217.1,A1D1-AA6-R1-S4,A1D1-AA6,217,1,4.11,3,,++R,2,Y,NO
A1D1-AA6-R1-S4-217-6,A1D1.AA6.R1.S4.217.6,A1D1-AA6-R1-S4,A1D1-AA6,217,6,6.06,4,,+R,1,Y,Yes
A1D1-AA6-R1-S4-217-7,A1D1.AA6.R1.S4.217.7,A1D1-AA6-R1-S4,A1D1-AA6,217,7,4.09,0,,++R,2,Y,NO
A1D1-AA6-R1-S4-217-9,A1D1.AA6.R1.S4.217.9,A1D1-AA6-R1-S4,A1D1-AA6,217,9,4,3,,++R,2,Y,NO
A1D1-AA6-R1-S4-217-13,A1D1.AA6.R1.S4.217.13,A1D1-AA6-R1-S4,A1D1-AA6,217,13,3.05,2,,+R,1,Y,NO
A1D1-AA6-R1-S4-217-14,A1D1.AA6.R1.S4.217.14,A1D1-AA6-R1-S4,A1D1-AA6,217,14,7.01,0,,++R,2,Y,Yes
A1D1-AA6-R1-S4-217-16,A1D1.AA6.R1.S4.217.16,A1D1-AA6-R1-S4,A1D1-AA6,217,16,6,4,,++R,2,Y,NO
A1D1-AA6-R1-S4-217-17,A1D1.AA6.R1.S4.217.17,A1D1-AA6-R1-S4,A1D1-AA6,217,17,4,3,,+R,1,Y,Yes
A1D220-T19-218-2,A1D220.T19.218.2,A1D220-T19,A1D220,218,2,4.08,0,,++R,2,Y,NO
A1D220-T19-218-4,A1D220.T19.218.4,A1D220-T19,A1D220,218,4,4.07,2,,NR,0,Y,NO
A1D220-T19-218-8,A1D220.T19.218.8,A1D220-T19,A1D220,218,8,4.08,0,,BT,0.5,Y,NO
A1D220-T19-218-13,A1D220.T19.218.13,A1D220-T19,A1D220,218,13,4,2,,+R,1,Y,NO
A1D220-T19-218-23,A1D220.T19.218.23,A1D220-T19,A1D220,218,23,5.03,4,,BT,0.5,Y,NO
A1D220-T19-218-28,A1D220.T19.218.28,A1D220-T19,A1D220,218,28,7.04,2,,BT,0.5,Y,NO
A1D220-T19-218-31,A1D220.T19.218.31,A1D220-T19,A1D220,218,31,3.05,0,,NR,0,Y,NO
A1D220-T19-218-32,A1D220.T19.218.32,A1D220-T19,A1D220,218,32,Late flowering,Late flowering,,BT,0.5,Y,NO
A1D220-T19-218-33,A1D220.T19.218.33,A1D220-T19,A1D220,218,33,Late flowering,Late flowering,,BT,0.5,Y,NO
A1D179-S1-219-4,A1D179.S1.219.4,A1D179-S1,A1D179,219,4,3.05,2,,++R,2,Y,NO
A1D179-S1-219-7,A1D179.S1.219.7,A1D179-S1,A1D179,219,7,4,1,,BT,0.5,Y,NO
A1D179-S1-219-11,A1D179.S1.219.11,A1D179-S1,A1D179,219,11,4,1,,+R,1,Y,NO
A1D179-S1-219-17,A1D179.S1.219.17,A1D179-S1,A1D179,219,17,4,0,,BT,0.5,Y,NO
A1D179-S1-219-19,A1D179.S1.219.19,A1D179-S1,A1D179,219,19,Late flowering,Late flowering,,NR,0,Y,NO
A1D179-S1-219-21,A1D179.S1.219.21,A1D179-S1,A1D179,219,21,Late flowering,Late flowering,,BT,0.5,Y,NO
A1D185-T16-220-1,A1D185.T16.220.1,A1D185-T16,A1D185,220,1,3.05,3,,NR,0,Y,NO
A1D185-T16-220-2,A1D185.T16.220.2,A1D185-T16,A1D185,220,2,Late flowering,Late flowering,,+R,1,Y,NO
A1D185-T16-220-9,A1D185.T16.220.9,A1D185-T16,A1D185,220,9,4.11,2,,++R,2,Y,NO
A1D185-T16-220-11,A1D185.T16.220.11,A1D185-T16,A1D185,220,11,4.05,4,,BT,0.5,Y,NO
A1D1-D4-S4-221-1,A1D1.D4.S4.221.1,A1D1-D4-S4,A1D1-D4,221,1,4.05,1,,NR,0,Y,NO
A1D1-D4-S4-221-5,A1D1.D4.S4.221.5,A1D1-D4-S4,A1D1-D4,221,5,4.06,1,,+R,1,Y,NO
A1D1-D4-S4-221-11,A1D1.D4.S4.221.11,A1D1-D4-S4,A1D1-D4,221,11,6.04,0,,BT,0.5,Y,Yes
A1D1-D4-S4-221-12,A1D1.D4.S4.221.12,A1D1-D4-S4,A1D1-D4,221,12,5.04,3,,BT,0.5,Y,NO
A1D1-D4-S4-221-25,A1D1.D4.S4.221.25,A1D1-D4-S4,A1D1-D4,221,25,2.05,0,,NR,0,Y,NO
A1D1-D4-S4-221-28,A1D1.D4.S4.221.28,A1D1-D4-S4,A1D1-D4,221,28,4.08,2,,++R,2,Y,NO
A1D80-S1-222-1,A1D80.S1.222.1,A1D80-S1,A1D80,222,1,6.01,3,,BT,0.5,Y,NO
A1D80-S1-222-3,A1D80.S1.222.3,A1D80-S1,A1D80,222,3,5.06,2,,BT,0.5,Y,NO
A1D80-S1-222-10,A1D80.S1.222.10,A1D80-S1,A1D80,222,10,7.01,5,,+R,1,Y,Yes
A1D80-S1-222-13,A1D80.S1.222.13,A1D80-S1,A1D80,222,13,7.05,5,,++R,2,Y,NO
A1D80-S1-222-16,A1D80.S1.222.16,A1D80-S1,A1D80,222,16,4.05,2,,++R,2,Y,NO
A1D80-S1-222-19,A1D80.S1.222.19,A1D80-S1,A1D80,222,19,6.1,0,,NR,0,Y,NO
A1D80-S1-222-27,A1D80.S1.222.27,A1D80-S1,A1D80,222,27,4.05,1,,++R,2,Y,NO
